vendorid,tpep_pickup_datetime,tpep_dropoff_datetime,passenger_count,trip_distance,ratecodeid,store_and_fwd_flag,pulocationid,dolocationid,payment_type,fare_amount,extra,mta_tax,tip_amount,tolls_amount,improvement_surcharge,total_amount
2,2017-07-12T21:30:21.000,2017-07-12T22:06:00.000,2,19.57,2,N,132,263,1,52,0,0.5,0,5.76,0.3,58.56
1,2017-07-12T21:18:00.000,2017-07-12T21:35:55.000,3,7.40,2,N,223,239,1,52,0,0.5,7,5.76,0.3,65.56
1,2017-07-12T21:51:32.000,2017-07-12T22:03:26.000,2,1.50,1,N,230,234,1,9,0.5,0.5,2.05,0,0.3,12.35
1,2017-07-12T21:12:44.000,2017-07-12T21:20:03.000,1,0.90,1,N,141,163,2,7,0.5,0.5,0,0,0.3,8.3
1,2017-07-12T21:23:35.000,2017-07-12T21:36:44.000,2,2.50,1,N,163,238,1,11.5,0.5,0.5,3.2,0,0.3,16
1,2017-07-12T21:54:17.000,2017-07-12T22:04:18.000,1,2.00,1,N,142,238,1,9.5,0.5,0.5,1,0,0.3,11.8
2,2017-07-12T21:09:56.000,2017-07-12T21:22:10.000,1,1.32,1,N,114,148,2,9,0.5,0.5,0,0,0.3,10.3
2,2017-07-12T21:45:04.000,2017-07-12T22:02:01.000,2,3.83,1,N,107,145,1,14.5,0.5,0.5,4.31,5.76,0.3,25.87
2,2017-07-12T21:24:15.000,2017-07-12T22:09:45.000,1,21.68,2,N,132,232,1,52,0,0.5,13.2,0,0.3,66
2,2017-07-12T21:14:07.000,2017-07-12T21:32:04.000,3,8.83,1,N,138,262,1,26,0.5,0.5,8.26,5.76,0.3,41.32
2,2017-07-12T21:37:21.000,2017-07-12T21:40:24.000,3,0.48,1,N,262,263,2,4,0.5,0.5,0,0,0.3,5.3
2,2017-07-12T21:42:20.000,2017-07-12T21:50:41.000,3,1.31,1,N,166,41,1,7.5,0.5,0.5,1,0,0.3,9.8
2,2017-07-12T21:53:20.000,2017-07-12T22:02:06.000,3,1.76,1,N,41,75,1,8,0.5,0.5,1.86,0,0.3,11.16
1,2017-07-12T21:07:21.000,2017-07-12T21:43:24.000,1,16.40,2,N,132,164,2,52,0,0.5,0,5.76,0.3,58.56
1,2017-07-12T21:46:32.000,2017-07-12T22:12:18.000,3,5.70,1,N,164,255,2,22,0.5,0.5,0,0,0.3,23.3
2,2017-07-12T21:08:51.000,2017-07-12T21:20:28.000,3,2.17,1,N,163,234,1,9.5,0.5,0.5,2.16,0,0.3,12.96
2,2017-07-12T21:34:18.000,2017-07-12T21:40:41.000,3,0.93,1,N,234,90,1,6,0.5,0.5,1,0,0.3,8.3
2,2017-07-12T21:45:35.000,2017-07-12T21:57:40.000,5,2.25,1,N,68,161,2,10,0.5,0.5,0,0,0.3,11.3
2,2017-07-12T21:13:01.000,2017-07-12T21:33:47.000,1,2.98,1,N,231,33,1,13.5,0.5,0.5,3,0,0.3,17.8
2,2017-07-12T21:46:24.000,2017-07-12T22:01:01.000,1,2.45,1,N,231,90,1,11.5,0.5,0.5,2.56,0,0.3,15.36
1,2017-07-12T21:21:04.000,2017-07-12T21:48:31.000,1,8.80,1,N,236,169,2,28,0.5,0.5,0,0,0.3,29.3
1,2017-07-12T21:05:42.000,2017-07-12T21:23:23.000,1,2.70,1,N,186,148,1,13,0.5,0.5,3,0,0.3,17.3
1,2017-07-12T21:35:15.000,2017-07-12T21:40:07.000,1,0.40,1,N,148,148,1,4.5,0.5,0.5,1.15,0,0.3,6.95
1,2017-07-12T21:45:36.000,2017-07-12T22:07:35.000,2,3.50,1,N,79,230,1,16,0.5,0.5,2,0,0.3,19.3
2,2017-07-12T21:16:14.000,2017-07-12T22:00:44.000,1,18.48,2,N,132,68,2,52,0,0.5,0,5.76,0.3,58.56
1,2017-07-12T21:07:50.000,2017-07-12T21:28:04.000,1,5.70,1,N,233,65,1,20,0.5,0.5,5.3,0,0.3,26.6
1,2017-07-12T21:39:56.000,2017-07-12T21:54:14.000,4,2.30,1,N,144,164,2,11.5,0.5,0.5,0,0,0.3,12.8
2,2017-07-12T21:22:20.000,2017-07-12T21:37:29.000,1,4.17,1,N,162,151,1,15,0.5,0.5,3.26,0,0.3,19.56
2,2017-07-12T21:46:36.000,2017-07-12T22:02:45.000,1,2.94,1,N,239,229,2,13,0.5,0.5,0,0,0.3,14.3
2,2017-07-12T21:08:53.000,2017-07-12T21:16:13.000,1,0.49,1,N,162,170,1,6,0.5,0.5,1.46,0,0.3,8.76
2,2017-07-12T21:39:52.000,2017-07-12T21:56:07.000,1,2.33,1,N,186,229,1,12.5,0.5,0.5,2.76,0,0.3,16.56
2,2017-07-12T21:59:44.000,2017-07-12T22:04:11.000,1,1.12,1,N,140,263,1,5.5,0.5,0.5,1.36,0,0.3,8.16
1,2017-07-12T21:33:36.000,2017-07-12T21:39:08.000,1,0.90,1,N,170,107,2,5.5,0.5,0.5,0,0,0.3,6.8
1,2017-07-12T21:51:01.000,2017-07-12T22:04:10.000,1,1.30,1,N,137,161,1,9.5,0.5,0.5,0,0,0.3,10.8
2,2017-07-12T21:02:20.000,2017-07-12T21:13:51.000,2,1.21,1,N,113,224,1,9,0.5,0.5,1.54,0,0.3,11.84
2,2017-07-12T21:17:49.000,2017-07-12T21:42:44.000,2,3.08,1,N,4,234,2,16.5,0.5,0.5,0,0,0.3,17.8
2,2017-07-12T21:44:39.000,2017-07-12T21:58:35.000,2,2.68,1,N,234,87,1,11.5,0.5,0.5,0,0,0.3,12.8
1,2017-07-12T21:00:49.000,2017-07-12T21:20:35.000,1,4.20,1,N,264,161,1,16.5,0.5,0.5,0.01,0,0.3,17.81
1,2017-07-12T21:22:44.000,2017-07-12T21:34:03.000,1,1.50,1,N,161,137,1,9,0.5,0.5,2.05,0,0.3,12.35
1,2017-07-12T21:49:41.000,2017-07-12T21:57:35.000,2,1.10,1,N,234,100,1,7,0.5,0.5,1.65,0,0.3,9.95
2,2017-07-12T21:12:36.000,2017-07-12T21:17:43.000,1,0.96,1,N,163,142,1,5.5,0.5,0.5,1,0,0.3,7.8
2,2017-07-12T21:30:29.000,2017-07-12T21:51:29.000,1,2.00,1,N,163,48,2,14,0.5,0.5,0,0,0.3,15.3
2,2017-07-12T21:57:28.000,2017-07-12T22:02:42.000,1,1.18,1,N,186,249,1,6,0.5,0.5,1.46,0,0.3,8.76
2,2017-07-12T21:29:25.000,2017-07-12T21:49:08.000,1,9.69,1,N,138,140,1,28,0.5,0.5,6,5.76,0.3,41.06
2,2017-07-12T21:52:59.000,2017-07-12T21:56:20.000,1,0.71,1,N,141,262,1,4.5,0.5,0.5,1.16,0,0.3,6.96
1,2017-07-12T21:21:10.000,2017-07-12T21:23:52.000,1,0.90,1,N,238,166,1,4.5,0.5,0.5,0,0,0.3,5.8
1,2017-07-12T21:29:13.000,2017-07-12T21:36:47.000,1,1.40,1,N,151,166,1,7.5,0.5,0.5,1,0,0.3,9.8
2,2017-07-12T21:00:13.000,2017-07-12T21:07:57.000,1,0.84,1,N,163,229,1,6.5,0.5,0.5,1.56,0,0.3,9.36
2,2017-07-12T21:24:04.000,2017-07-12T21:30:36.000,1,1.30,1,N,263,237,2,6.5,0.5,0.5,0,0,0.3,7.8
2,2017-07-12T21:37:47.000,2017-07-12T21:57:23.000,1,3.47,1,N,161,113,1,15,0.5,0.5,2.44,0,0.3,18.74
1,2017-07-12T21:01:37.000,2017-07-12T21:07:52.000,4,1.00,1,N,186,90,2,6.5,0.5,0.5,0,0,0.3,7.8
1,2017-07-12T21:09:05.000,2017-07-12T21:17:06.000,1,1.30,1,N,90,230,1,7.5,0.5,0.5,2.2,0,0.3,11
1,2017-07-12T21:21:24.000,2017-07-12T21:28:36.000,1,1.50,1,N,48,239,1,7.5,0.5,0.5,1.75,0,0.3,10.55
1,2017-07-12T21:44:07.000,2017-07-12T21:53:12.000,1,2.50,1,N,48,238,1,9.5,0.5,0.5,2.15,0,0.3,12.95
1,2017-07-12T21:55:29.000,2017-07-12T22:03:53.000,2,1.90,1,N,239,163,2,8.5,0.5,0.5,0,0,0.3,9.8
2,2017-07-12T21:09:08.000,2017-07-12T21:18:23.000,1,1.06,1,N,161,233,2,7.5,0.5,0.5,0,0,0.3,8.8
2,2017-07-12T21:23:39.000,2017-07-12T21:41:00.000,1,3.35,1,N,162,238,1,14.5,0.5,0.5,2.37,0,0.3,18.17
2,2017-07-12T21:48:33.000,2017-07-12T22:03:34.000,1,2.86,1,N,142,263,1,12.5,0.5,0.5,2.76,0,0.3,16.56
2,2017-07-12T21:46:06.000,2017-07-12T21:55:10.000,1,1.85,1,N,142,238,2,9,0.5,0.5,0,0,0.3,10.3
2,2017-07-12T21:21:42.000,2017-07-12T21:31:20.000,1,1.55,1,N,249,48,1,8.5,0.5,0.5,0.98,0,0.3,10.78
2,2017-07-12T21:36:55.000,2017-07-12T21:44:43.000,1,0.96,1,N,68,170,1,7,0.5,0.5,2.7,0,0.3,11
2,2017-07-12T21:50:35.000,2017-07-12T22:01:56.000,1,0.72,1,N,234,234,2,5,0.5,0.5,0,0,0.3,6.3
1,2017-07-12T21:41:45.000,2017-07-12T22:04:58.000,1,3.30,1,N,230,144,1,16,0.5,0.5,2,0,0.3,19.3
1,2017-07-12T21:03:04.000,2017-07-12T21:05:27.000,1,0.50,1,N,231,211,2,4,0.5,0.5,0,0,0.3,5.3
1,2017-07-12T21:14:29.000,2017-07-12T21:26:45.000,1,1.30,1,N,234,230,2,9.5,0.5,0.5,0,0,0.3,10.8
1,2017-07-12T21:32:15.000,2017-07-12T21:40:22.000,1,1.90,1,N,230,239,1,8.5,0.5,0.5,2.45,0,0.3,12.25
1,2017-07-12T21:54:37.000,2017-07-12T22:21:25.000,1,6.30,1,N,163,87,1,23.5,0.5,0.5,4.95,0,0.3,29.75
2,2017-07-12T21:04:29.000,2017-07-12T21:11:59.000,1,0.78,1,N,161,229,2,6,0.5,0.5,0,0,0.3,7.3
2,2017-07-12T21:16:12.000,2017-07-12T21:30:23.000,1,2.52,1,N,162,114,1,11,0.5,0.5,1.7,0,0.3,14
2,2017-07-12T21:31:50.000,2017-07-12T21:38:00.000,1,1.01,1,N,114,249,1,6,0.5,0.5,2.19,0,0.3,9.49
2,2017-07-12T21:41:36.000,2017-07-12T21:55:50.000,1,2.12,1,N,90,170,1,11.5,0.5,0.5,2.56,0,0.3,15.36
2,2017-07-12T21:55:23.000,2017-07-12T22:18:37.000,1,9.13,1,N,138,90,1,28,0.5,0.5,7.01,5.76,0.3,42.07
2,2017-07-12T21:12:31.000,2017-07-12T21:28:04.000,1,3.50,1,N,164,232,1,15,0.5,0.5,3.26,0,0.3,19.56
2,2017-07-12T21:30:27.000,2017-07-12T21:41:12.000,1,1.78,1,N,232,261,1,9,0.5,0.5,2.06,0,0.3,12.36
2,2017-07-12T21:44:22.000,2017-07-12T21:55:50.000,1,1.94,1,N,231,4,2,10,0.5,0.5,0,0,0.3,11.3
2,2017-07-12T21:21:28.000,2017-07-12T21:37:58.000,1,3.93,1,N,162,232,1,14.5,0.5,0.5,1.5,0,0.3,17.3
2,2017-07-12T21:43:48.000,2017-07-12T22:00:04.000,1,2.27,1,N,79,100,2,11.5,0.5,0.5,0,0,0.3,12.8
1,2017-07-12T21:05:12.000,2017-07-12T21:07:54.000,1,0.30,1,N,230,161,1,4,0.5,0.5,1.55,0,0.3,6.85
1,2017-07-12T21:09:12.000,2017-07-12T21:16:07.000,1,1.60,1,N,161,237,1,7,0.5,0.5,1,0,0.3,9.3
1,2017-07-12T21:17:18.000,2017-07-12T21:23:22.000,1,1.20,1,N,237,263,1,6.5,0.5,0.5,1.56,0,0.3,9.36
1,2017-07-12T21:28:48.000,2017-07-12T21:31:07.000,1,0.60,1,N,263,236,2,4,0.5,0.5,0,0,0.3,5.3
1,2017-07-12T21:45:00.000,2017-07-12T21:55:40.000,1,2.00,1,N,161,264,1,9.5,0.5,0.5,2.15,0,0.3,12.95
1,2017-07-12T21:05:54.000,2017-07-12T21:20:18.000,1,1.50,1,N,114,186,2,10,0.5,0.5,0,0,0.3,11.3
1,2017-07-12T21:23:30.000,2017-07-12T21:59:56.000,1,7.90,1,N,164,196,1,30.5,0.5,0.5,5,0,0.3,36.8
2,2017-07-12T21:09:14.000,2017-07-12T21:23:28.000,1,4.75,1,N,224,75,1,15.5,0.5,0.5,5.04,0,0.3,21.84
2,2017-07-12T21:44:40.000,2017-07-12T22:24:21.000,1,14.98,1,N,138,90,1,46,0.5,0.5,5,5.76,0.3,58.06
2,2017-07-12T21:26:33.000,2017-07-12T21:37:18.000,1,2.13,1,N,163,238,1,9.5,0.5,0.5,2.16,0,0.3,12.96
2,2017-07-12T21:45:47.000,2017-07-12T21:59:09.000,1,3.33,1,N,239,90,1,12.5,0.5,0.5,2.76,0,0.3,16.56
2,2017-07-12T21:13:05.000,2017-07-12T21:22:11.000,1,1.14,1,N,233,163,2,7.5,0.5,0.5,0,0,0.3,8.8
2,2017-07-12T21:24:35.000,2017-07-12T21:52:13.000,1,3.62,1,N,163,4,2,18.5,0.5,0.5,0,0,0.3,19.8
2,2017-07-12T21:53:40.000,2017-07-12T22:22:27.000,1,7.06,1,N,4,239,1,25,0.5,0.5,2.63,0,0.3,28.93
2,2017-07-12T21:25:33.000,2017-07-12T21:41:31.000,1,3.71,1,N,229,79,1,14.5,0.5,0.5,3.16,0,0.3,18.96
2,2017-07-12T21:42:38.000,2017-07-12T21:54:28.000,1,1.19,1,N,79,45,1,9,0.5,0.5,2.58,0,0.3,12.88
2,2017-07-12T21:58:36.000,2017-07-12T22:13:15.000,1,2.33,1,N,144,186,2,11,0.5,0.5,0,0,0.3,12.3
1,2017-07-12T21:10:43.000,2017-07-12T21:35:17.000,1,5.10,1,N,141,223,1,20,0,0.5,2,0,0.3,22.8
2,2017-07-12T21:19:52.000,2017-07-12T21:26:37.000,1,1.02,1,N,161,141,1,6.5,0.5,0.5,1.56,0,0.3,9.36
2,2017-07-12T21:28:00.000,2017-07-12T21:34:58.000,1,1.39,1,N,141,236,2,7.5,0.5,0.5,0,0,0.3,8.8
2,2017-07-12T21:45:36.000,2017-07-12T21:52:12.000,1,1.08,1,N,237,161,2,6.5,0.5,0.5,0,0,0.3,7.8
2,2017-07-12T21:55:55.000,2017-07-12T22:02:18.000,1,1.37,1,N,163,236,1,7,0.5,0.5,1.66,0,0.3,9.96
2,2017-07-12T21:03:33.000,2017-07-12T21:03:36.000,1,0.00,5,N,265,265,1,80,0,0.5,16.16,0,0.3,96.96
2,2017-07-12T21:43:43.000,2017-07-12T22:25:10.000,1,12.78,1,N,132,89,1,42.5,0.5,0.5,8.76,0,0.3,52.56
1,2017-07-12T21:51:53.000,2017-07-12T21:57:35.000,1,1.00,1,N,229,140,1,6,0.5,0.5,0.8,0,0.3,8.1
1,2017-07-12T21:04:43.000,2017-07-12T21:28:45.000,1,5.30,1,N,79,106,1,20,0.5,0.5,4.25,0,0.3,25.55
1,2017-07-12T21:48:09.000,2017-07-12T22:04:49.000,1,3.90,1,N,148,17,1,15.5,0.5,0.5,3.35,0,0.3,20.15
2,2017-07-12T21:11:42.000,2017-07-12T21:20:29.000,1,1.40,1,N,239,151,1,8,0.5,0.5,1.5,0,0.3,10.8
2,2017-07-12T21:30:30.000,2017-07-12T21:55:21.000,1,5.03,1,N,239,79,1,20,0.5,0.5,4.26,0,0.3,25.56
2,2017-07-12T21:16:31.000,2017-07-12T21:21:50.000,3,1.49,1,N,231,249,2,6.5,0.5,0.5,0,0,0.3,7.8
2,2017-07-12T21:03:25.000,2017-07-12T21:25:34.000,1,4.30,1,N,107,146,1,18,0.5,0.5,4.82,0,0.3,24.12
2,2017-07-12T21:43:56.000,2017-07-12T22:04:46.000,1,3.03,1,N,229,114,1,15,0.5,0.5,4.89,0,0.3,21.19
2,2017-07-12T21:16:19.000,2017-07-12T21:27:57.000,1,1.75,1,N,148,249,1,9.5,0.5,0.5,1,0,0.3,11.8
2,2017-07-12T21:38:42.000,2017-07-12T22:07:21.000,1,4.86,1,N,114,239,1,21,0.5,0.5,2,0,0.3,24.3
1,2017-07-12T21:13:34.000,2017-07-12T21:23:23.000,1,1.80,1,N,158,231,1,8.5,0.5,0.5,1.95,0,0.3,11.75
1,2017-07-12T21:29:13.000,2017-07-12T21:57:37.000,2,4.70,1,N,231,140,1,20.5,0.5,0.5,4.35,0,0.3,26.15
2,2017-07-12T21:14:58.000,2017-07-12T21:19:45.000,1,0.85,1,N,79,224,1,5,0.5,0.5,1.26,0,0.3,7.56
2,2017-07-12T21:47:44.000,2017-07-12T21:54:50.000,1,1.34,1,N,24,74,1,7,0.5,0.5,1.66,0,0.3,9.96
1,2017-07-12T21:30:09.000,2017-07-12T22:24:38.000,1,32.70,1,N,132,109,1,88,0.5,0.5,21.05,16,0.3,126.35
2,2017-07-12T21:23:56.000,2017-07-12T21:54:11.000,1,12.30,1,N,161,208,1,37,0.5,0.5,11.49,0,0.3,49.79
1,2017-07-12T21:59:08.000,2017-07-12T22:38:10.000,1,21.10,2,N,132,211,1,52,0,0.5,10.55,0,0.3,63.35
1,2017-07-12T21:12:52.000,2017-07-12T21:16:03.000,1,1.30,1,N,141,263,1,5.5,0.5,0.5,1,0,0.3,7.8
1,2017-07-12T21:23:16.000,2017-07-12T21:34:27.000,1,2.10,1,N,237,100,2,10,0.5,0.5,0,0,0.3,11.3
1,2017-07-12T21:37:11.000,2017-07-12T21:49:51.000,1,2.60,1,N,230,107,1,11,0.5,0.5,2.45,0,0.3,14.75
2,2017-07-12T21:19:53.000,2017-07-12T21:29:05.000,1,1.17,1,N,230,246,1,7.5,0.5,0.5,2.64,0,0.3,11.44
2,2017-07-12T21:30:39.000,2017-07-12T21:40:01.000,1,2.53,1,N,246,125,2,9.5,0.5,0.5,0,0,0.3,10.8
2,2017-07-12T21:49:50.000,2017-07-12T21:59:38.000,1,1.76,1,N,90,163,1,8.5,0.5,0.5,1.96,0,0.3,11.76
2,2017-07-12T21:01:48.000,2017-07-12T21:13:55.000,5,3.09,1,N,90,239,1,11.5,0.5,0.5,1.92,0,0.3,14.72
2,2017-07-12T21:19:22.000,2017-07-12T21:30:42.000,5,3.17,1,N,142,158,1,12,0.5,0.5,1.5,0,0.3,14.8
2,2017-07-12T21:32:51.000,2017-07-12T21:52:51.000,5,3.73,1,N,158,162,2,15.5,0.5,0.5,0,0,0.3,16.8
2,2017-07-12T21:59:30.000,2017-07-12T22:05:33.000,5,1.06,1,N,107,113,1,6,0.5,0.5,1.25,0,0.3,8.55
2,2017-07-12T21:09:15.000,2017-07-12T21:53:09.000,1,19.32,1,N,132,25,1,54.5,0.5,0.5,16.74,0,0.3,72.54
2,2017-07-12T21:14:18.000,2017-07-12T21:28:26.000,1,3.28,1,N,264,264,1,12.5,0.5,0.5,2.5,0,0.3,16.3
2,2017-07-12T21:50:42.000,2017-07-12T22:05:06.000,1,1.77,1,N,264,264,1,10.5,0.5,0.5,0,0,0.3,11.8
1,2017-07-12T21:06:09.000,2017-07-12T21:25:08.000,1,2.90,1,N,234,236,1,14.5,0.5,0.5,4.7,0,0.3,20.5
1,2017-07-12T21:29:58.000,2017-07-12T21:32:14.000,1,0.50,1,N,237,237,2,4,0.5,0.5,0,0,0.3,5.3
1,2017-07-12T21:36:01.000,2017-07-12T22:00:55.000,1,4.10,1,N,161,231,1,17.5,0.5,0.5,3,0,0.3,21.8
2,2017-07-12T21:55:55.000,2017-07-12T22:08:33.000,1,2.10,1,N,230,141,1,10,0.5,0.5,2.26,0,0.3,13.56
1,2017-07-12T21:05:03.000,2017-07-12T21:54:47.000,2,18.10,2,N,132,246,2,52,0,0.5,0,5.76,0.3,58.56
1,2017-07-12T21:29:29.000,2017-07-12T22:03:54.000,1,16.00,2,N,132,237,1,52,0,0.5,10,0,0.3,62.8
2,2017-07-12T21:17:49.000,2017-07-12T21:27:04.000,1,1.21,1,N,170,229,2,7.5,0.5,0.5,0,0,0.3,8.8
2,2017-07-12T21:42:21.000,2017-07-12T21:48:55.000,1,1.10,1,N,229,141,1,6.5,0.5,0.5,1.56,0,0.3,9.36
2,2017-07-12T21:09:04.000,2017-07-12T21:20:53.000,1,1.20,1,N,234,170,1,9,0.5,0.5,1.5,0,0.3,11.8
2,2017-07-12T21:28:48.000,2017-07-12T21:39:33.000,1,1.48,1,N,170,107,2,8.5,0.5,0.5,0,0,0.3,9.8
2,2017-07-12T21:42:53.000,2017-07-12T21:51:57.000,1,1.36,1,N,79,148,1,8,0.5,0.5,1,0,0.3,10.3
2,2017-07-12T21:53:09.000,2017-07-12T22:08:33.000,1,2.26,1,N,148,158,1,11.5,0.5,0.5,1.92,0,0.3,14.72
2,2017-07-12T21:18:49.000,2017-07-12T21:22:46.000,1,0.97,1,N,161,186,1,5,0.5,0.5,1.26,0,0.3,7.56
2,2017-07-12T21:29:58.000,2017-07-12T21:41:48.000,1,1.16,1,N,264,264,2,9,0.5,0.5,0,0,0.3,10.3
2,2017-07-12T21:44:08.000,2017-07-12T21:53:08.000,1,1.66,1,N,161,158,1,8,0.5,0.5,2.32,0,0.3,11.62
1,2017-07-12T21:20:41.000,2017-07-12T21:27:07.000,1,1.00,1,N,237,161,1,6,0.5,0.5,1.45,0,0.3,8.75
1,2017-07-12T21:28:34.000,2017-07-12T21:37:44.000,1,1.20,1,N,164,237,1,7.5,0.5,0.5,1.75,0,0.3,10.55
1,2017-07-12T21:44:15.000,2017-07-12T21:55:53.000,1,2.10,1,N,162,234,1,10,0.5,0.5,2.25,0,0.3,13.55
2,2017-07-12T21:06:08.000,2017-07-12T21:48:08.000,2,7.95,1,N,100,260,1,31.5,0.5,0.5,5.08,0,0.3,37.88
2,2017-07-12T21:01:29.000,2017-07-12T21:17:25.000,6,2.49,1,N,48,137,1,12,0.5,0.5,2.66,0,0.3,15.96
2,2017-07-12T21:22:12.000,2017-07-12T21:39:08.000,6,2.91,1,N,79,33,2,13.5,0.5,0.5,0,0,0.3,14.8
2,2017-07-12T21:44:51.000,2017-07-12T21:52:17.000,6,1.20,1,N,33,66,1,7,0.5,0.5,1,0,0.3,9.3
2,2017-07-12T21:49:42.000,2017-07-12T22:13:42.000,2,5.03,1,N,148,236,2,19.5,0.5,0.5,0,0,0.3,20.8
2,2017-07-12T21:20:30.000,2017-07-12T21:39:38.000,2,3.61,1,N,79,143,2,15,0.5,0.5,0,0,0.3,16.3
2,2017-07-12T21:54:09.000,2017-07-12T22:01:35.000,2,0.98,1,N,48,186,1,6.5,0.5,0.5,1.56,0,0.3,9.36
2,2017-07-12T21:04:52.000,2017-07-12T21:21:05.000,1,2.67,1,N,209,66,1,12,0.5,0.5,2.66,0,0.3,15.96
2,2017-07-12T21:34:28.000,2017-07-12T21:49:14.000,1,3.32,1,N,231,230,1,13,0.5,0.5,3.58,0,0.3,17.88
2,2017-07-12T21:50:07.000,2017-07-12T21:55:42.000,1,0.81,1,N,48,161,2,5.5,0.5,0.5,0,0,0.3,6.8
2,2017-07-12T21:56:56.000,2017-07-12T22:09:01.000,1,2.15,1,N,161,263,1,10.5,0.5,0.5,2.36,0,0.3,14.16
1,2017-07-12T21:31:11.000,2017-07-12T21:31:29.000,1,0.00,1,N,45,45,3,2.5,0.5,0.5,0,0,0.3,3.8
1,2017-07-12T21:31:51.000,2017-07-12T21:53:49.000,2,3.20,1,N,231,230,2,15.5,0.5,0.5,0,0,0.3,16.8
2,2017-07-12T21:39:47.000,2017-07-12T22:07:17.000,1,5.08,1,N,164,97,1,20.5,0.5,0.5,4.36,0,0.3,26.16
1,2017-07-12T21:12:16.000,2017-07-12T21:18:02.000,1,1.10,1,N,230,186,1,6,0.5,0.5,1.46,0,0.3,8.76
1,2017-07-12T21:31:52.000,2017-07-12T21:47:31.000,1,2.40,1,N,170,140,1,11.5,0.5,0.5,2.55,0,0.3,15.35
2,2017-07-12T21:00:31.000,2017-07-12T21:11:00.000,6,1.43,1,N,161,48,2,8.5,0.5,0.5,0,0,0.3,9.8
2,2017-07-12T21:56:01.000,2017-07-12T22:21:10.000,6,16.46,1,N,68,265,1,44,0.5,0.5,5,10.5,0.3,60.8
1,2017-07-12T21:01:12.000,2017-07-12T21:10:24.000,1,1.30,1,N,264,264,1,7.5,0.5,0.5,2,0,0.3,10.8
1,2017-07-12T21:12:12.000,2017-07-12T21:17:03.000,3,0.80,1,N,264,264,2,5,0.5,0.5,0,0,0.3,6.3
1,2017-07-12T21:18:48.000,2017-07-12T21:24:34.000,1,0.80,1,N,264,264,2,6,0.5,0.5,0,0,0.3,7.3
1,2017-07-12T21:06:55.000,2017-07-12T21:11:26.000,1,0.60,1,N,50,230,2,5,0.5,0.5,0,0,0.3,6.3
1,2017-07-12T21:19:24.000,2017-07-12T21:26:43.000,1,1.80,1,N,163,263,2,7.5,0.5,0.5,0,0,0.3,8.8
1,2017-07-12T21:37:34.000,2017-07-12T21:53:33.000,1,6.50,1,N,141,88,1,21,0.5,0.5,4.45,0,0.3,26.75
2,2017-07-12T21:06:09.000,2017-07-12T21:28:18.000,1,6.44,1,N,236,114,1,22.5,0.5,0.5,4.76,0,0.3,28.56
2,2017-07-12T21:34:29.000,2017-07-12T21:52:04.000,1,1.85,1,N,234,233,1,12,0.5,0.5,2.66,0,0.3,15.96
1,2017-07-12T21:12:38.000,2017-07-12T21:23:14.000,1,1.60,1,N,113,209,1,8.5,0.5,0.5,1.95,0,0.3,11.75
1,2017-07-12T21:30:17.000,2017-07-12T22:01:09.000,1,10.40,1,N,231,196,1,31.5,0.5,0.5,2,0,0.3,34.8
2,2017-07-12T21:04:13.000,2017-07-12T21:07:38.000,5,0.62,1,N,140,140,1,4.5,0.5,0.5,1.16,0,0.3,6.96
2,2017-07-12T21:15:11.000,2017-07-12T21:34:08.000,6,2.78,1,N,233,249,1,13.5,0.5,0.5,2.96,0,0.3,17.76
2,2017-07-12T21:34:55.000,2017-07-12T22:17:35.000,6,7.70,1,N,249,151,1,31,0.5,0.5,6.46,0,0.3,38.76
2,2017-07-12T21:12:41.000,2017-07-12T21:19:43.000,2,1.19,1,N,164,68,1,6.5,0.5,0.5,1,0,0.3,8.8
2,2017-07-12T21:25:20.000,2017-07-12T21:50:53.000,2,4.90,1,N,158,52,1,18,0.5,0.5,3.86,0,0.3,23.16
1,2017-07-12T21:05:53.000,2017-07-12T21:14:10.000,2,1.70,1,N,48,234,1,8,0.5,0.5,2.75,0,0.3,12.05
1,2017-07-12T21:22:49.000,2017-07-12T21:38:07.000,1,2.60,1,N,90,4,1,11.5,0.5,0.5,2.55,0,0.3,15.35
1,2017-07-12T21:47:14.000,2017-07-12T22:07:50.000,1,6.00,1,N,79,25,1,19.5,0.5,0.5,3.5,0,0.3,24.3
1,2017-07-12T21:04:54.000,2017-07-12T21:23:02.000,2,7.50,1,N,140,13,1,23,0.5,0.5,4.86,0,0.3,29.16
1,2017-07-12T21:26:54.000,2017-07-12T21:40:51.000,1,3.30,1,N,13,68,1,13.5,0.5,0.5,2.95,0,0.3,17.75
1,2017-07-12T21:47:18.000,2017-07-12T22:08:01.000,1,3.00,1,N,186,237,1,15.5,0.5,0.5,1.6,0,0.3,18.4
2,2017-07-12T21:20:02.000,2017-07-12T21:25:26.000,1,1.31,1,N,141,236,1,6.5,0.5,0.5,1.56,0,0.3,9.36
2,2017-07-12T21:30:09.000,2017-07-12T21:37:16.000,1,2.42,1,N,263,74,1,8.5,0.5,0.5,2.45,0,0.3,12.25
2,2017-07-12T21:59:58.000,2017-07-12T22:08:02.000,1,1.29,1,N,166,238,2,7.5,0.5,0.5,0,0,0.3,8.8
2,2017-07-12T21:06:57.000,2017-07-12T21:57:51.000,1,15.98,2,N,132,232,1,52,0,0.5,10.56,0,0.3,63.36
2,2017-07-12T21:32:28.000,2017-07-12T21:36:23.000,1,0.63,1,N,142,142,1,4.5,0.5,0.5,1,0,0.3,6.8
1,2017-07-12T21:10:56.000,2017-07-12T21:18:28.000,3,1.10,1,N,163,164,2,6.5,0.5,0.5,0,0,0.3,7.8
1,2017-07-12T21:20:33.000,2017-07-12T21:35:28.000,1,1.70,1,N,164,246,2,11,0.5,0.5,0,0,0.3,12.3
1,2017-07-12T21:37:57.000,2017-07-12T21:54:54.000,1,4.40,1,N,246,87,1,16.5,0.5,0.5,3.55,0,0.3,21.35
2,2017-07-12T21:01:13.000,2017-07-12T21:10:48.000,4,1.23,1,N,114,231,1,8,0.5,0.5,1.86,0,0.3,11.16
2,2017-07-12T21:14:56.000,2017-07-12T21:36:52.000,3,3.31,1,N,231,65,1,16.5,0.5,0.5,3.56,0,0.3,21.36
2,2017-07-12T21:53:35.000,2017-07-12T22:03:22.000,3,1.46,1,N,211,79,1,8.5,0.5,0.5,1.96,0,0.3,11.76
1,2017-07-12T21:09:30.000,2017-07-12T21:19:03.000,1,1.40,1,N,25,49,1,8,0.5,0.5,2.3,0,0.3,11.6
1,2017-07-12T21:31:00.000,2017-07-12T21:38:01.000,1,1.30,1,N,65,54,2,7,0.5,0.5,0,0,0.3,8.3
1,2017-07-12T21:03:20.000,2017-07-12T21:20:31.000,1,3.80,1,N,186,232,1,15.5,0.5,0.5,1.2,0,0.3,18
1,2017-07-12T21:40:13.000,2017-07-12T21:44:55.000,1,0.40,1,N,79,79,2,4.5,0.5,0.5,0,0,0.3,5.8
1,2017-07-12T21:48:16.000,2017-07-12T22:07:10.000,1,4.40,1,N,79,112,1,16.5,0.5,0.5,4.7,5.76,0.3,28.26
2,2017-07-12T21:05:04.000,2017-07-12T21:14:32.000,6,1.42,1,N,144,113,1,8,0.5,0.5,0,0,0.3,9.3
2,2017-07-12T21:19:26.000,2017-07-12T21:54:01.000,6,5.42,1,N,144,230,2,25,0.5,0.5,0,0,0.3,26.3
2,2017-07-12T21:39:42.000,2017-07-12T21:49:07.000,2,1.51,1,N,107,148,1,8,0.5,0.5,0,0,0.3,9.3
2,2017-07-12T21:52:42.000,2017-07-12T22:02:03.000,2,1.91,1,N,114,13,1,9,0.5,0.5,2.06,0,0.3,12.36
2,2017-07-12T21:05:03.000,2017-07-12T21:16:33.000,1,2.11,1,N,13,113,1,10,0.5,0.5,2.26,0,0.3,13.56
2,2017-07-12T21:19:20.000,2017-07-12T21:31:50.000,1,1.38,1,N,249,148,1,9,0.5,0.5,2.06,0,0.3,12.36
2,2017-07-12T21:37:14.000,2017-07-12T21:58:57.000,1,3.69,1,N,114,68,1,17,0.5,0.5,5.49,0,0.3,23.79
2,2017-07-12T21:30:45.000,2017-07-12T21:43:41.000,2,1.23,1,N,137,186,1,9.5,0.5,0.5,2,0,0.3,12.8
2,2017-07-12T21:46:34.000,2017-07-12T21:58:48.000,2,1.61,1,N,68,233,1,9.5,0.5,0.5,2.16,0,0.3,12.96
2,2017-07-12T21:21:33.000,2017-07-12T21:21:51.000,1,0.04,1,N,132,132,2,2.5,0.5,0.5,0,0,0.3,3.8
2,2017-07-12T21:22:41.000,2017-07-12T22:02:52.000,1,21.73,2,N,132,262,1,52,0,0.5,10,5.76,0.3,68.56
2,2017-07-12T21:26:52.000,2017-07-12T21:40:24.000,1,2.48,1,N,170,263,1,11.5,0.5,0.5,2.56,0,0.3,15.36
2,2017-07-12T21:57:24.000,2017-07-12T22:20:39.000,1,3.45,1,N,229,158,1,17,0.5,0.5,3.66,0,0.3,21.96
1,2017-07-12T21:02:02.000,2017-07-12T21:31:32.000,1,3.70,1,N,158,237,1,20,0.5,0.5,4.25,0,0.3,25.55
1,2017-07-12T21:35:07.000,2017-07-12T21:46:17.000,1,2.40,1,N,163,145,1,10.5,0.5,0.5,2,0,0.3,13.8
2,2017-07-12T21:20:58.000,2017-07-12T21:26:10.000,2,0.71,1,N,237,163,1,5.5,0.5,0.5,1.36,0,0.3,8.16
2,2017-07-12T21:28:20.000,2017-07-12T21:46:38.000,2,2.88,1,N,163,238,1,14,0.5,0.5,3.06,0,0.3,18.36
2,2017-07-12T21:51:46.000,2017-07-12T22:07:12.000,2,5.73,1,N,238,243,1,19,0.5,0.5,4.06,0,0.3,24.36
2,2017-07-12T21:26:51.000,2017-07-12T22:00:23.000,1,9.88,1,N,142,52,1,31.5,0.5,0.5,8.2,0,0.3,41
2,2017-07-12T21:02:56.000,2017-07-12T21:23:35.000,3,3.10,1,N,162,148,1,15,0.5,0.5,3.26,0,0.3,19.56
2,2017-07-12T21:35:01.000,2017-07-12T21:58:02.000,3,4.02,1,N,79,142,2,17.5,0.5,0.5,0,0,0.3,18.8
2,2017-07-12T21:59:57.000,2017-07-12T22:06:21.000,2,1.35,1,N,142,237,2,7,0.5,0.5,0,0,0.3,8.3
2,2017-07-12T21:33:27.000,2017-07-12T21:38:51.000,5,1.26,1,N,229,141,1,6,0.5,0.5,2.19,0,0.3,9.49
2,2017-07-12T21:41:21.000,2017-07-12T21:48:37.000,5,1.06,1,N,141,237,1,6.5,0.5,0.5,1.56,0,0.3,9.36
2,2017-07-12T21:06:52.000,2017-07-12T21:13:48.000,1,1.53,1,N,142,50,1,7,0.5,0.5,1.66,0,0.3,9.96
2,2017-07-12T21:22:29.000,2017-07-12T21:33:24.000,1,2.81,1,N,230,238,1,11,0.5,0.5,2.46,0,0.3,14.76
2,2017-07-12T21:47:17.000,2017-07-12T21:54:04.000,1,2.31,1,N,143,166,2,8.5,0.5,0.5,0,0,0.3,9.8
1,2017-07-12T21:15:23.000,2017-07-12T21:31:32.000,2,3.20,1,N,170,263,2,14,0.5,0.5,0,0,0.3,15.3
1,2017-07-12T21:49:14.000,2017-07-12T22:03:03.000,1,2.40,1,N,161,113,1,11,0.5,0.5,1.2,0,0.3,13.5
1,2017-07-12T21:25:41.000,2017-07-12T21:41:04.000,1,2.70,1,N,234,13,1,12.5,0.5,0.5,2,0,0.3,15.8
1,2017-07-12T21:45:36.000,2017-07-12T22:01:47.000,1,4.60,1,N,13,142,1,16,0.5,0.5,3.45,0,0.3,20.75
2,2017-07-12T21:05:12.000,2017-07-12T21:18:58.000,4,1.94,1,N,237,230,1,11,0.5,0.5,0,0,0.3,12.3
2,2017-07-12T21:19:47.000,2017-07-12T21:33:09.000,4,2.51,1,N,230,249,1,11,0.5,0.5,3.69,0,0.3,15.99
2,2017-07-12T21:34:28.000,2017-07-12T21:42:33.000,3,0.83,1,N,249,113,2,6.5,0.5,0.5,0,0,0.3,7.8
2,2017-07-12T21:51:00.000,2017-07-12T21:55:54.000,3,0.84,1,N,234,170,1,5.5,0.5,0.5,1.2,0,0.3,8
2,2017-07-12T21:21:47.000,2017-07-12T21:29:12.000,1,1.11,1,N,114,90,1,7,0.5,0.5,2.08,0,0.3,10.38
2,2017-07-12T21:34:31.000,2017-07-12T21:53:04.000,1,1.96,1,N,90,170,1,12.5,0.5,0.5,1.5,0,0.3,15.3
2,2017-07-12T21:59:24.000,2017-07-12T22:08:10.000,1,1.40,1,N,107,114,1,7,0.5,0.5,1.66,0,0.3,9.96
2,2017-07-12T21:44:37.000,2017-07-12T21:55:03.000,1,1.33,1,N,48,100,1,8,0.5,0.5,1.86,0,0.3,11.16
2,2017-07-12T21:58:36.000,2017-07-12T22:10:07.000,1,2.71,1,N,186,231,1,10.5,0.5,0.5,2.36,0,0.3,14.16
2,2017-07-12T21:34:13.000,2017-07-12T22:04:58.000,1,14.05,1,N,138,125,1,41,0.5,0.5,9.61,5.76,0.3,57.67
2,2017-07-12T21:15:41.000,2017-07-12T21:26:09.000,1,1.95,1,N,170,148,1,9.5,0.5,0.5,2.16,0,0.3,12.96
2,2017-07-12T21:35:27.000,2017-07-12T21:43:48.000,1,1.32,1,N,79,170,1,7.5,0.5,0.5,1.25,0,0.3,10.05
2,2017-07-12T21:44:28.000,2017-07-12T21:57:56.000,1,1.47,1,N,170,161,1,9.5,0.5,0.5,2.16,0,0.3,12.96
2,2017-07-12T21:59:04.000,2017-07-12T22:10:41.000,1,1.32,1,N,161,229,1,8.5,0.5,0.5,1,0,0.3,10.8
1,2017-07-12T21:08:52.000,2017-07-12T21:16:01.000,3,0.40,1,N,170,170,1,6,0.5,0.5,1.45,0,0.3,8.75
1,2017-07-12T21:17:58.000,2017-07-12T21:56:44.000,1,9.40,1,N,164,95,2,33.5,0.5,0.5,0,0,0.3,34.8
2,2017-07-12T21:05:39.000,2017-07-12T21:24:50.000,1,3.64,1,N,163,211,1,15,0.5,0.5,0,0,0.3,16.3
2,2017-07-12T21:32:32.000,2017-07-12T21:57:01.000,1,5.13,1,N,144,263,1,20,0.5,0.5,4.26,0,0.3,25.56
2,2017-07-12T21:03:01.000,2017-07-12T21:19:55.000,5,3.90,1,N,230,7,1,15,0.5,0.5,4.08,0,0.3,20.38
2,2017-07-12T21:39:18.000,2017-07-12T21:42:39.000,5,0.73,1,N,141,236,1,5,0.5,0.5,1.26,0,0.3,7.56
2,2017-07-12T21:51:38.000,2017-07-12T22:05:46.000,5,2.33,1,N,237,107,1,11.5,0.5,0.5,2.56,0,0.3,15.36
1,2017-07-12T21:02:27.000,2017-07-12T21:17:03.000,1,1.90,1,N,170,249,1,10.5,0.5,0.5,2.35,0,0.3,14.15
1,2017-07-12T21:24:18.000,2017-07-12T21:31:34.000,1,1.20,1,N,114,68,2,7,0.5,0.5,0,0,0.3,8.3
1,2017-07-12T21:33:14.000,2017-07-12T22:05:51.000,1,6.50,1,N,68,33,1,25,0.5,0.5,5.26,0,0.3,31.56
2,2017-07-12T21:17:59.000,2017-07-12T21:35:26.000,1,2.44,1,N,162,114,1,12.5,0.5,0.5,2.07,0,0.3,15.87
2,2017-07-12T21:36:32.000,2017-07-12T21:44:36.000,1,1.22,1,N,114,158,1,7.5,0.5,0.5,1.2,0,0.3,10
2,2017-07-12T21:47:37.000,2017-07-12T21:56:03.000,1,1.53,1,N,158,68,2,8,0.5,0.5,0,0,0.3,9.3
1,2017-07-12T21:05:45.000,2017-07-12T21:21:56.000,2,3.30,1,N,48,236,1,14,0.5,0.5,3.06,0,0.3,18.36
1,2017-07-12T21:32:22.000,2017-07-12T21:44:56.000,3,2.60,1,N,237,75,1,11.5,0.5,0.5,3.8,0,0.3,16.6
1,2017-07-12T21:00:10.000,2017-07-12T21:09:17.000,1,1.60,1,N,79,90,2,8,0.5,0.5,0,0,0.3,9.3
1,2017-07-12T21:13:26.000,2017-07-12T21:23:26.000,1,1.40,1,N,186,48,1,8.5,0.5,0.5,1.4,0,0.3,11.2
1,2017-07-12T21:26:12.000,2017-07-12T21:30:17.000,1,0.50,1,N,48,48,1,4.5,0.5,0.5,1.15,0,0.3,6.95
1,2017-07-12T21:46:51.000,2017-07-12T22:00:09.000,1,1.90,1,N,186,114,1,10.5,0.5,0.5,1,0,0.3,12.8
1,2017-07-12T21:20:55.000,2017-07-12T21:35:32.000,1,3.40,1,N,25,231,1,13.5,0.5,0.5,2.95,0,0.3,17.75
1,2017-07-12T21:44:48.000,2017-07-12T21:55:41.000,1,1.10,1,N,249,107,1,8.5,0.5,0.5,1.95,0,0.3,11.75
1,2017-07-12T21:57:04.000,2017-07-12T22:05:21.000,1,1.20,1,N,264,164,1,7.5,0.5,0.5,2.6,0,0.3,11.4
2,2017-07-12T21:01:51.000,2017-07-12T21:19:39.000,2,3.20,1,N,230,141,1,14,0.5,0.5,2,0,0.3,17.3
2,2017-07-12T21:30:28.000,2017-07-12T21:43:45.000,2,1.46,1,N,162,48,2,9.5,0.5,0.5,0,0,0.3,10.8
2,2017-07-12T21:46:58.000,2017-07-12T22:08:02.000,2,5.00,1,N,48,232,1,19,0.5,0.5,0,0,0.3,20.3
1,2017-07-12T21:01:41.000,2017-07-12T21:09:14.000,4,1.10,1,N,48,100,2,6.5,0.5,0.5,0,0,0.3,7.8
1,2017-07-12T21:37:45.000,2017-07-12T21:54:07.000,1,4.00,1,N,68,88,1,15.5,0.5,0.5,3.35,0,0.3,20.15
1,2017-07-12T21:33:23.000,2017-07-12T21:38:21.000,1,0.70,1,N,113,79,1,5,0.5,0.5,1.55,0,0.3,7.85
1,2017-07-12T21:44:31.000,2017-07-12T21:50:31.000,1,2.50,1,N,148,87,1,9,0.5,0.5,1,0,0.3,11.3
1,2017-07-12T21:53:04.000,2017-07-12T22:01:59.000,1,2.60,1,N,209,13,1,10.5,0.5,0.5,0,0,0.3,11.8
1,2017-07-12T21:33:55.000,2017-07-12T21:52:47.000,1,8.20,1,N,264,264,1,25,0.5,0.5,6.4,5.76,0.3,38.46
1,2017-07-12T21:09:10.000,2017-07-12T21:24:57.000,1,2.60,1,N,163,249,1,12,0.5,0.5,2.66,0,0.3,15.96
1,2017-07-12T21:25:45.000,2017-07-12T21:40:56.000,1,1.70,1,N,249,170,1,11,0.5,0.5,2.45,0,0.3,14.75
2,2017-07-12T21:00:21.000,2017-07-12T21:18:30.000,1,4.15,1,N,148,48,1,16,0.5,0.5,2.6,0,0.3,19.9
2,2017-07-12T21:27:53.000,2017-07-12T21:37:01.000,1,0.89,1,N,68,170,1,7.5,0.5,0.5,1,0,0.3,9.8
2,2017-07-12T21:26:35.000,2017-07-12T21:35:11.000,1,1.55,1,N,229,164,1,7.5,0.5,0.5,2.2,0,0.3,11
2,2017-07-12T21:38:26.000,2017-07-12T21:41:26.000,1,0.28,1,N,164,164,1,4,0.5,0.5,0,0,0.3,5.3
2,2017-07-12T21:46:38.000,2017-07-12T22:23:07.000,1,20.05,1,N,164,265,1,55.5,0.5,0.5,14.86,2.64,0.3,74.3
2,2017-07-12T21:25:05.000,2017-07-12T21:31:48.000,1,0.86,1,N,170,234,1,6,0.5,0.5,1,0,0.3,8.3
2,2017-07-12T21:33:10.000,2017-07-12T21:40:59.000,1,1.00,1,N,234,79,1,7,0.5,0.5,1.66,0,0.3,9.96
2,2017-07-12T21:45:44.000,2017-07-12T22:01:17.000,1,2.60,1,N,234,163,1,12,0.5,0.5,3.32,0,0.3,16.62
1,2017-07-12T21:01:35.000,2017-07-12T21:18:44.000,1,2.30,1,N,234,4,2,12.5,0.5,0.5,0,0,0.3,13.8
1,2017-07-12T21:39:05.000,2017-07-12T21:43:06.000,1,0.30,1,N,170,170,1,4.5,0.5,0.5,1.15,0,0.3,6.95
1,2017-07-12T21:48:17.000,2017-07-12T21:59:39.000,1,2.30,1,N,170,142,1,10.5,0.5,0.5,1,0,0.3,12.8
1,2017-07-12T21:40:22.000,2017-07-12T21:53:26.000,1,2.10,1,N,166,116,1,11,0.5,0.5,2.45,0,0.3,14.75
1,2017-07-12T21:57:16.000,2017-07-12T21:59:23.000,1,0.40,1,N,42,247,2,4,0.5,0.5,0,0,0.3,5.3
1,2017-07-12T21:41:04.000,2017-07-12T22:21:21.000,1,18.20,2,N,132,230,1,52,0,0.5,11.7,5.76,0.3,70.26
2,2017-07-12T21:19:37.000,2017-07-12T21:39:56.000,1,4.15,1,N,234,33,2,15.5,0.5,0.5,0,0,0.3,16.8
2,2017-07-12T21:55:11.000,2017-07-12T22:14:05.000,1,6.44,1,N,231,238,1,21,0.5,0.5,4.46,0,0.3,26.76
2,2017-07-12T21:02:54.000,2017-07-12T21:15:55.000,2,2.87,1,N,230,238,1,12,0.5,0.5,3.32,0,0.3,16.62
2,2017-07-12T21:02:43.000,2017-07-12T21:12:03.000,1,0.95,1,N,113,79,1,7.5,0.5,0.5,2.2,0,0.3,11
2,2017-07-12T21:18:34.000,2017-07-12T21:40:36.000,1,7.22,1,N,107,129,1,24,0.5,0.5,7.76,5.76,0.3,38.82
2,2017-07-12T21:07:15.000,2017-07-12T21:18:48.000,1,2.05,1,N,158,231,1,9.5,0.5,0.5,1.2,0,0.3,12
2,2017-07-12T21:20:33.000,2017-07-12T21:30:43.000,1,1.42,1,N,231,249,1,8.5,0.5,0.5,1.5,0,0.3,11.3
2,2017-07-12T21:36:58.000,2017-07-12T21:49:33.000,1,1.66,1,N,68,144,1,10,0.5,0.5,1,0,0.3,12.3
2,2017-07-12T21:57:33.000,2017-07-12T22:06:29.000,1,1.17,1,N,113,170,1,7.5,0.5,0.5,1.76,0,0.3,10.56
2,2017-07-12T21:08:25.000,2017-07-12T21:26:00.000,6,1.76,1,N,186,233,2,12,0.5,0.5,0,0,0.3,13.3
2,2017-07-12T21:32:22.000,2017-07-12T21:39:34.000,6,0.77,1,N,162,164,2,6,0.5,0.5,0,0,0.3,7.3
2,2017-07-12T21:40:44.000,2017-07-12T21:52:35.000,6,1.10,1,N,164,230,1,8.5,0.5,0.5,0,0,0.3,9.8
1,2017-07-12T21:16:48.000,2017-07-12T21:29:38.000,1,3.20,1,N,237,238,1,12.5,0.5,0.5,2.75,0,0.3,16.55
2,2017-07-12T21:41:15.000,2017-07-12T22:14:29.000,2,18.76,1,N,132,80,1,51.5,0.5,0.5,10.56,0,0.3,63.36
1,2017-07-12T21:04:44.000,2017-07-12T21:46:51.000,1,17.30,2,N,132,164,1,52,0,0.5,14.6,5.76,0.3,73.16
1,2017-07-12T21:53:19.000,2017-07-12T22:00:59.000,1,1.00,1,N,186,161,2,6.5,0.5,0.5,0,0,0.3,7.8
1,2017-07-12T21:19:25.000,2017-07-12T21:21:27.000,1,0.50,1,N,239,142,2,3.5,0.5,0.5,0,0,0.3,4.8
1,2017-07-12T21:25:57.000,2017-07-12T21:27:45.000,1,0.30,1,N,48,48,2,3.5,0.5,0.5,0,0,0.3,4.8
1,2017-07-12T21:30:23.000,2017-07-12T21:34:10.000,1,1.00,1,N,48,142,2,5,0.5,0.5,0,0,0.3,6.3
1,2017-07-12T21:38:45.000,2017-07-12T21:49:26.000,1,1.30,1,N,48,164,2,8.5,0.5,0.5,0,0,0.3,9.8
1,2017-07-12T21:51:22.000,2017-07-12T21:51:22.000,1,0.00,1,N,164,264,2,17,0.5,0.5,0,0,0.3,18.3
1,2017-07-12T21:07:58.000,2017-07-12T21:13:01.000,1,0.30,1,N,107,234,1,5,0.5,0.5,1.13,0,0.3,7.43
1,2017-07-12T21:16:49.000,2017-07-12T21:31:23.000,1,2.10,1,N,234,229,1,11,0.5,0.5,1,0,0.3,13.3
2,2017-07-12T21:09:35.000,2017-07-12T21:18:01.000,2,4.20,1,N,13,79,1,13.5,0.5,0.5,1,0,0.3,15.8
2,2017-07-12T21:19:18.000,2017-07-12T21:20:26.000,2,0.20,1,N,79,79,2,3,0.5,0.5,0,0,0.3,4.3
2,2017-07-12T21:22:46.000,2017-07-12T21:36:34.000,1,3.45,5,N,114,265,1,50,0,0.5,12.26,10.5,0.3,73.56
2,2017-07-12T21:56:26.000,2017-07-12T22:08:50.000,2,1.94,1,N,249,224,1,10,0.5,0.5,2.26,0,0.3,13.56
2,2017-07-12T21:11:13.000,2017-07-12T21:16:51.000,1,0.95,1,N,161,162,1,6,0.5,0.5,0,0,0.3,7.3
2,2017-07-12T21:31:44.000,2017-07-12T21:39:10.000,1,1.44,1,N,161,141,1,7.5,0.5,0.5,1.76,0,0.3,10.56
2,2017-07-12T21:26:01.000,2017-07-12T21:38:10.000,1,1.98,1,N,100,141,2,10,0.5,0.5,0,0,0.3,11.3
2,2017-07-12T21:54:02.000,2017-07-12T21:58:44.000,1,1.02,1,N,140,262,1,5.5,0.5,0.5,1,0,0.3,7.8
2,2017-07-12T21:06:01.000,2017-07-12T21:21:41.000,1,8.30,1,N,138,247,1,24,0.5,0.5,6.21,5.76,0.3,37.27
2,2017-07-12T21:43:21.000,2017-07-12T22:05:23.000,1,12.56,1,N,138,40,1,35,0.5,0.5,7.26,0,0.3,43.56
2,2017-07-12T21:19:10.000,2017-07-12T21:51:53.000,1,10.15,1,N,138,230,1,33,0.5,0.5,6.86,0,0.3,41.16
1,2017-07-12T21:04:59.000,2017-07-12T21:18:16.000,1,2.60,1,N,48,113,1,11.5,0.5,0.5,2.55,0,0.3,15.35
1,2017-07-12T21:19:07.000,2017-07-12T21:32:55.000,1,1.80,1,N,113,148,1,10.5,0.5,0.5,2.36,0,0.3,14.16
1,2017-07-12T21:38:23.000,2017-07-12T22:01:24.000,1,9.00,1,N,148,7,1,28,0.5,0.5,5.85,0,0.3,35.15
2,2017-07-12T21:27:24.000,2017-07-12T22:47:46.000,1,40.68,1,N,238,27,1,111.5,0.5,0.5,30.18,7.92,0.3,150.9
1,2017-07-12T21:18:56.000,2017-07-12T21:29:51.000,1,1.60,1,N,144,90,1,8.5,0.5,0.5,1.95,0,0.3,11.75
1,2017-07-12T21:37:59.000,2017-07-12T21:50:28.000,1,1.80,1,N,234,246,1,10,0.5,0.5,2.25,0,0.3,13.55
2,2017-07-12T21:29:45.000,2017-07-12T21:42:54.000,1,3.47,1,N,161,238,1,12.5,0.5,0.5,2.76,0,0.3,16.56
2,2017-07-12T21:50:39.000,2017-07-12T22:08:39.000,1,8.20,1,N,238,87,2,24,0.5,0.5,0,0,0.3,25.3
1,2017-07-12T21:16:09.000,2017-07-12T21:38:36.000,1,10.50,1,N,138,229,1,31.5,0.5,0.5,4,5.76,0.3,42.56
1,2017-07-12T21:40:31.000,2017-07-12T21:50:25.000,1,1.90,1,N,229,263,1,9,0.5,0.5,1,0,0.3,11.3
1,2017-07-12T21:34:44.000,2017-07-12T21:40:05.000,1,0.90,1,N,100,163,1,6,0.5,0.5,1.45,0,0.3,8.75
1,2017-07-12T21:42:38.000,2017-07-12T22:05:10.000,1,4.80,1,N,163,231,1,19,0.5,0.5,4.05,0,0.3,24.35
2,2017-07-12T21:16:07.000,2017-07-12T21:32:36.000,1,4.08,1,N,7,140,1,15,0.5,0.5,2,0,0.3,18.3
2,2017-07-12T21:34:16.000,2017-07-12T21:38:36.000,1,1.21,1,N,140,263,1,6,0.5,0.5,1.46,0,0.3,8.76
1,2017-07-12T21:05:52.000,2017-07-12T21:12:45.000,1,0.80,1,N,79,224,1,6,0.5,0.5,1.45,0,0.3,8.75
1,2017-07-12T21:20:17.000,2017-07-12T21:37:39.000,1,2.40,1,N,107,48,1,12.5,0.5,0.5,2.75,0,0.3,16.55
1,2017-07-12T21:51:58.000,2017-07-12T22:09:25.000,2,3.70,1,N,230,4,1,15.5,0.5,0.5,1.75,0,0.3,18.55
2,2017-07-12T21:08:24.000,2017-07-12T21:15:25.000,5,1.79,1,N,238,75,1,7.5,0.5,0.5,1.76,0,0.3,10.56
2,2017-07-12T21:18:23.000,2017-07-12T21:25:39.000,5,1.72,1,N,75,237,1,7.5,0.5,0.5,1,0,0.3,9.8
2,2017-07-12T21:35:43.000,2017-07-12T21:52:54.000,5,2.70,1,N,161,246,1,13,0.5,0.5,0,0,0.3,14.3
2,2017-07-12T21:56:14.000,2017-07-12T22:06:06.000,5,2.56,1,N,246,231,1,10,0.5,0.5,1,0,0.3,12.3
2,2017-07-12T21:23:43.000,2017-07-12T21:58:40.000,1,19.79,2,N,132,209,1,52,0,0.5,10.56,0,0.3,63.36
1,2017-07-12T21:05:03.000,2017-07-12T21:10:52.000,1,0.80,1,N,211,249,2,5.5,0.5,0.5,0,0,0.3,6.8
1,2017-07-12T21:13:57.000,2017-07-12T21:39:08.000,1,4.30,1,N,249,141,1,18.5,0.5,0.5,3.96,0,0.3,23.76
1,2017-07-12T21:40:01.000,2017-07-12T21:44:44.000,1,1.10,1,N,141,236,1,6,0.5,0.5,1.7,0,0.3,9
1,2017-07-12T21:52:36.000,2017-07-12T22:02:32.000,1,1.40,1,N,237,161,2,8.5,0.5,0.5,0,0,0.3,9.8
1,2017-07-12T21:16:51.000,2017-07-12T21:22:53.000,1,1.10,1,N,237,170,1,6,0.5,0.5,1.25,0,0.3,8.55
1,2017-07-12T21:26:08.000,2017-07-12T21:34:38.000,2,1.30,1,N,234,246,1,7.5,0.5,0.5,1,0,0.3,9.8
1,2017-07-12T21:36:43.000,2017-07-12T21:44:15.000,1,1.40,1,N,246,48,1,7,0.5,0.5,1.65,0,0.3,9.95
1,2017-07-12T21:46:52.000,2017-07-12T21:57:15.000,1,2.20,1,N,48,238,1,10,0.5,0.5,2.25,0,0.3,13.55
2,2017-07-12T21:03:41.000,2017-07-12T21:10:37.000,6,0.80,1,N,79,79,1,6,0.5,0.5,1.1,0,0.3,8.4
2,2017-07-12T21:20:09.000,2017-07-12T21:42:16.000,6,5.04,1,N,79,112,1,20,0.5,0.5,5.32,0,0.3,26.62
1,2017-07-12T21:25:04.000,2017-07-12T22:05:55.000,1,20.70,2,N,132,238,1,52,0,0.5,11.44,5.76,0.3,70
2,2017-07-12T21:50:31.000,2017-07-12T22:24:24.000,1,11.71,1,N,132,91,2,38,0.5,0.5,0,0,0.3,39.3
1,2017-07-12T21:01:16.000,2017-07-12T21:05:59.000,1,0.60,1,N,113,113,1,5,0.5,0.5,1,0,0.3,7.3
1,2017-07-12T21:09:51.000,2017-07-12T21:20:48.000,1,2.10,1,N,249,170,1,9.5,0.5,0.5,2.15,0,0.3,12.95
1,2017-07-12T21:25:17.000,2017-07-12T21:41:01.000,2,2.30,1,N,233,145,1,13,0.5,0.5,2,5.76,0.3,22.06
1,2017-07-12T21:58:41.000,2017-07-12T22:03:58.000,1,1.40,1,N,264,264,1,6.5,0.5,0.5,1,0,0.3,8.8
2,2017-07-12T21:03:41.000,2017-07-12T21:26:48.000,1,4.44,1,N,100,42,1,18.5,0.5,0.5,3.96,0,0.3,23.76
2,2017-07-12T21:34:21.000,2017-07-12T21:41:06.000,1,1.50,1,N,24,239,1,7,0.5,0.5,1.66,0,0.3,9.96
2,2017-07-12T21:57:43.000,2017-07-12T22:18:23.000,1,3.81,1,N,230,24,1,16.5,0.5,0.5,1,0,0.3,18.8
1,2017-07-12T21:31:05.000,2017-07-12T21:50:21.000,1,3.80,1,N,112,97,2,15.5,0.5,0.5,0,0,0.3,16.8
1,2017-07-12T21:54:44.000,2017-07-12T22:01:30.000,1,0.90,1,N,97,25,1,6.5,0.5,0.5,0,0,0.3,7.8
1,2017-07-12T21:00:57.000,2017-07-12T21:03:51.000,1,0.70,1,N,186,48,3,4.5,0.5,0.5,0,0,0.3,5.8
1,2017-07-12T21:17:47.000,2017-07-12T21:34:57.000,1,3.00,1,N,48,141,1,14,0.5,0.5,3.05,0,0.3,18.35
1,2017-07-12T21:37:55.000,2017-07-12T21:59:05.000,1,4.40,1,N,141,232,1,18,0.5,0.5,1,0,0.3,20.3
2,2017-07-12T21:48:32.000,2017-07-12T21:51:29.000,1,0.63,1,N,48,100,1,4.5,0.5,0.5,1.74,0,0.3,7.54
2,2017-07-12T21:53:22.000,2017-07-12T22:02:10.000,1,1.43,1,N,68,48,1,8,0.5,0.5,1.4,0,0.3,10.7
2,2017-07-12T21:17:06.000,2017-07-12T21:33:17.000,2,2.75,1,N,239,186,1,12.5,0.5,0.5,2.76,0,0.3,16.56
2,2017-07-12T21:38:00.000,2017-07-12T22:03:51.000,2,4.41,1,N,234,151,1,19.5,0.5,0.5,4.16,0,0.3,24.96
2,2017-07-12T21:07:12.000,2017-07-12T21:13:24.000,5,0.59,1,N,161,142,1,6,0.5,0.5,2.19,0,0.3,9.49
2,2017-07-12T21:19:15.000,2017-07-12T21:25:04.000,5,1.23,1,N,230,237,2,6.5,0.5,0.5,0,0,0.3,7.8
2,2017-07-12T21:30:03.000,2017-07-12T21:34:57.000,5,0.85,1,N,161,237,2,5.5,0.5,0.5,0,0,0.3,6.8
2,2017-07-12T21:47:33.000,2017-07-12T22:00:22.000,5,1.84,1,N,170,90,2,10,0.5,0.5,0,0,0.3,11.3
1,2017-07-12T21:10:50.000,2017-07-12T21:24:27.000,1,1.80,1,N,230,229,1,10,0.5,0.5,2.25,0,0.3,13.55
1,2017-07-12T21:26:09.000,2017-07-12T21:30:19.000,1,1.40,1,N,162,263,1,6,0.5,0.5,1,0,0.3,8.3
1,2017-07-12T21:36:44.000,2017-07-12T21:49:12.000,1,2.20,1,N,141,239,1,10.5,0.5,0.5,2.35,0,0.3,14.15
1,2017-07-12T21:51:48.000,2017-07-12T21:55:22.000,1,0.80,1,N,239,238,1,5,0.5,0.5,0.95,0,0.3,7.25
2,2017-07-12T21:11:49.000,2017-07-12T21:20:28.000,1,1.35,1,N,148,209,1,7.5,0.5,0.5,1.76,0,0.3,10.56
2,2017-07-12T21:33:29.000,2017-07-12T21:48:28.000,1,3.32,1,N,231,170,1,13,0.5,0.5,2.86,0,0.3,17.16
2,2017-07-12T21:49:13.000,2017-07-12T22:08:55.000,1,3.08,1,N,170,236,1,15,0.5,0.5,3.26,0,0.3,19.56
1,2017-07-12T21:29:38.000,2017-07-12T21:37:58.000,2,0.70,1,N,249,79,2,6.5,0.5,0.5,0,0,0.3,7.8
1,2017-07-12T21:42:13.000,2017-07-12T22:03:23.000,2,3.40,1,N,79,263,1,16,0.5,0.5,3.45,0,0.3,20.75
1,2017-07-12T21:13:30.000,2017-07-12T21:26:08.000,1,2.10,1,N,170,114,1,10.5,0.5,0.5,2.95,0,0.3,14.75
1,2017-07-12T21:28:56.000,2017-07-12T21:45:05.000,1,2.90,1,N,114,163,1,13,0.5,0.5,2.85,0,0.3,17.15
1,2017-07-12T21:51:26.000,2017-07-12T22:04:27.000,1,2.50,1,N,43,262,2,11.5,0.5,0.5,0,0,0.3,12.8
2,2017-07-12T21:10:01.000,2017-07-12T21:15:41.000,1,1.06,1,N,161,164,2,6,0.5,0.5,0,0,0.3,7.3
2,2017-07-12T21:18:28.000,2017-07-12T21:33:09.000,1,2.03,1,N,164,79,1,11.5,0.5,0.5,3.84,0,0.3,16.64
2,2017-07-12T21:45:08.000,2017-07-12T22:13:07.000,1,5.79,1,N,79,7,1,23,0.5,0.5,4.86,0,0.3,29.16
2,2017-07-12T21:03:40.000,2017-07-12T21:42:18.000,1,10.44,1,N,138,48,1,36,0.5,0.5,8,5.76,0.3,51.06
2,2017-07-12T21:47:55.000,2017-07-12T21:55:53.000,1,1.16,1,N,163,161,1,7,0.5,0.5,2.08,0,0.3,10.38
2,2017-07-12T21:59:52.000,2017-07-12T22:16:22.000,1,2.73,1,N,230,262,1,13,0.5,0.5,2.86,0,0.3,17.16
1,2017-07-12T21:06:34.000,2017-07-12T21:15:27.000,2,2.40,1,N,144,13,2,9.5,0.5,0.5,0,0,0.3,10.8
1,2017-07-12T21:26:09.000,2017-07-12T21:45:36.000,2,4.60,1,N,13,48,1,17,0.5,0.5,3.65,0,0.3,21.95
1,2017-07-12T21:47:41.000,2017-07-12T21:57:19.000,1,2.00,1,N,48,238,1,9.5,0.5,0.5,2.15,0,0.3,12.95
2,2017-07-12T21:57:28.000,2017-07-12T22:06:54.000,1,1.35,1,N,230,170,1,8,0.5,0.5,2.32,0,0.3,11.62
2,2017-07-12T21:21:16.000,2017-07-12T21:48:25.000,1,10.02,1,N,138,113,1,30,0.5,0.5,7.41,5.76,0.3,44.47
2,2017-07-12T21:50:15.000,2017-07-12T22:28:48.000,1,7.70,1,N,113,52,1,30,0.5,0.5,9.39,0,0.3,40.69
2,2017-07-12T21:02:29.000,2017-07-12T21:20:35.000,1,4.06,1,N,141,152,2,13,0.5,0.5,0,0,0.3,14.3
1,2017-07-12T21:02:22.000,2017-07-12T21:15:56.000,1,2.10,1,N,230,107,1,10,0.5,0.5,2.25,0,0.3,13.55
1,2017-07-12T21:27:35.000,2017-07-12T21:47:30.000,1,4.10,1,N,161,7,1,17,0.5,0.5,4.55,0,0.3,22.85
1,2017-07-12T21:03:20.000,2017-07-12T21:06:16.000,1,0.30,1,N,48,142,3,4,0.5,0.5,0,0,0.3,5.3
1,2017-07-12T21:08:16.000,2017-07-12T21:11:30.000,1,0.50,1,N,264,239,1,4.5,0.5,0.5,1.2,0,0.3,7
1,2017-07-12T21:29:19.000,2017-07-12T21:39:22.000,1,1.90,1,N,163,238,1,9.5,0.5,0.5,2.15,0,0.3,12.95
1,2017-07-12T21:59:57.000,2017-07-12T22:12:08.000,1,2.60,1,N,48,238,1,11.5,0.5,0.5,2.56,0,0.3,15.36
2,2017-07-12T21:12:13.000,2017-07-12T21:33:22.000,6,1.96,1,N,114,186,1,14,0.5,0.5,3.06,0,0.3,18.36
2,2017-07-12T21:42:46.000,2017-07-12T21:49:34.000,6,1.53,1,N,186,113,1,7.5,0.5,0.5,1.76,0,0.3,10.56
2,2017-07-12T21:52:43.000,2017-07-12T21:58:44.000,6,1.11,1,N,79,170,1,6,0.5,0.5,1.82,0,0.3,9.12
2,2017-07-12T21:07:27.000,2017-07-12T21:21:19.000,1,4.17,1,N,79,261,1,15.5,0.5,0.5,3.36,0,0.3,20.16
2,2017-07-12T21:34:01.000,2017-07-12T21:55:39.000,1,7.55,1,N,148,236,1,23.5,0.5,0.5,4.96,0,0.3,29.76
2,2017-07-12T21:13:04.000,2017-07-12T21:20:54.000,1,1.42,1,N,48,164,1,7,0.5,0.5,1.66,0,0.3,9.96
2,2017-07-12T21:23:32.000,2017-07-12T21:49:03.000,1,4.86,1,N,234,40,1,20,0.5,0.5,3.5,0,0.3,24.8
2,2017-07-12T21:01:41.000,2017-07-12T21:05:32.000,3,0.55,1,N,234,107,1,4.5,0.5,0.5,1.16,0,0.3,6.96
2,2017-07-12T21:11:09.000,2017-07-12T21:24:54.000,1,2.10,1,N,234,161,1,10.5,0.5,0.5,0,0,0.3,11.8
2,2017-07-12T21:33:27.000,2017-07-12T21:55:33.000,1,9.14,1,N,161,244,1,27.5,0.5,0.5,5.76,0,0.3,34.56
2,2017-07-12T21:02:45.000,2017-07-12T21:39:09.000,1,5.57,1,N,43,148,1,25,0.5,0.5,3,0,0.3,29.3
2,2017-07-12T21:49:33.000,2017-07-12T22:02:03.000,1,1.64,1,N,79,107,2,10,0.5,0.5,0,0,0.3,11.3
2,2017-07-12T21:19:07.000,2017-07-12T21:45:35.000,6,10.60,1,N,138,79,1,32,0.5,0.5,6.66,0,0.3,39.96
2,2017-07-12T21:47:21.000,2017-07-12T22:09:58.000,6,2.76,1,N,79,100,2,15.5,0.5,0.5,0,0,0.3,16.8
2,2017-07-12T21:46:21.000,2017-07-12T22:27:21.000,5,6.58,1,N,186,80,1,29,0.5,0.5,3,0,0.3,33.3
2,2017-07-12T21:15:15.000,2017-07-12T21:37:35.000,6,3.86,1,N,162,261,1,16.5,0.5,0.5,3.56,0,0.3,21.36
2,2017-07-12T21:48:18.000,2017-07-12T22:09:54.000,6,3.47,1,N,125,229,1,16,0.5,0.5,3.46,0,0.3,20.76
2,2017-07-12T21:23:53.000,2017-07-12T21:27:45.000,2,0.55,1,N,211,231,2,4.5,0.5,0.5,0,0,0.3,5.8
2,2017-07-12T21:33:51.000,2017-07-12T22:17:25.000,1,5.92,1,N,211,262,2,28.5,0.5,0.5,0,0,0.3,29.8
1,2017-07-12T21:08:06.000,2017-07-12T21:15:20.000,1,1.90,1,N,186,143,1,8,0.5,0.5,1.5,0,0.3,10.8
1,2017-07-12T21:44:15.000,2017-07-12T22:00:31.000,1,1.90,1,N,186,233,1,11.5,0.5,0.5,2.22,0,0.3,15.02
1,2017-07-12T21:22:12.000,2017-07-12T21:25:31.000,1,0.70,1,N,164,230,2,4.5,0.5,0.5,0,0,0.3,5.8
1,2017-07-12T21:31:33.000,2017-07-12T21:53:30.000,1,3.20,1,N,162,158,1,16,0.5,0.5,5.15,0,0.3,22.45
1,2017-07-12T21:07:23.000,2017-07-12T21:20:21.000,1,1.90,1,N,230,90,2,10.5,0.5,0.5,0,0,0.3,11.8
1,2017-07-12T21:34:43.000,2017-07-12T21:39:28.000,1,0.90,1,N,48,162,1,5.5,0.5,0.5,2,0,0.3,8.8
1,2017-07-12T21:43:53.000,2017-07-12T21:52:56.000,1,1.90,1,N,161,142,2,8.5,0.5,0.5,0,0,0.3,9.8
1,2017-07-12T21:56:05.000,2017-07-12T22:05:59.000,1,1.80,1,N,43,186,2,8.5,0.5,0.5,0,0,0.3,9.8
2,2017-07-12T21:07:55.000,2017-07-12T21:15:28.000,1,1.43,1,N,50,100,2,7.5,0.5,0.5,0,0,0.3,8.8
2,2017-07-12T21:17:45.000,2017-07-12T21:24:28.000,1,1.02,1,N,164,163,1,6.5,0.5,0.5,1.56,0,0.3,9.36
2,2017-07-12T21:26:16.000,2017-07-12T21:33:03.000,1,0.82,1,N,230,100,1,6,0.5,0.5,1.46,0,0.3,8.76
2,2017-07-12T21:38:38.000,2017-07-12T21:54:37.000,1,2.28,1,N,164,48,1,11.5,0.5,0.5,0,0,0.3,12.8
2,2017-07-12T21:05:44.000,2017-07-12T21:12:02.000,1,0.70,1,N,148,148,1,6,0.5,0.5,1,0,0.3,8.3
2,2017-07-12T21:17:43.000,2017-07-12T21:23:10.000,1,0.96,1,N,79,45,1,6,0.5,0.5,1.46,0,0.3,8.76
2,2017-07-12T21:25:47.000,2017-07-12T21:37:44.000,1,2.19,1,N,45,249,1,10,0.5,0.5,2.82,0,0.3,14.12
2,2017-07-12T21:39:13.000,2017-07-12T21:53:10.000,1,3.11,1,N,158,50,1,12.5,0.5,0.5,4.14,0,0.3,17.94
1,2017-07-12T21:25:54.000,2017-07-12T21:52:22.000,1,11.30,1,N,138,163,1,33.5,0.5,0.5,8.1,5.76,0.3,48.66
1,2017-07-12T21:56:51.000,2017-07-12T22:22:47.000,1,5.90,1,N,163,148,1,22.5,0.5,0.5,4.75,0,0.3,28.55
1,2017-07-12T21:05:19.000,2017-07-12T21:24:37.000,1,8.90,1,N,138,263,1,26.5,0.5,0.5,6.7,5.76,0.3,40.26
1,2017-07-12T21:52:28.000,2017-07-12T22:07:33.000,1,7.80,1,N,138,256,1,23,0.5,0.5,6.05,0,0.3,30.35
1,2017-07-12T21:01:25.000,2017-07-12T21:14:46.000,1,1.90,1,N,148,231,2,10,0.5,0.5,0,0,0.3,11.3
1,2017-07-12T21:20:34.000,2017-07-12T21:24:40.000,1,1.00,1,N,231,249,1,5,0.5,0.5,1.85,0,0.3,8.15
1,2017-07-12T21:36:39.000,2017-07-12T21:52:57.000,1,2.30,1,N,79,186,2,12,0.5,0.5,0,0,0.3,13.3
1,2017-07-12T21:02:00.000,2017-07-12T21:07:14.000,1,1.00,1,N,162,107,1,5.5,0.5,0.5,1.35,0,0.3,8.15
1,2017-07-12T21:20:51.000,2017-07-12T21:22:36.000,1,1.00,1,N,158,158,2,3,0.5,0.5,0,0,0.3,4.3
1,2017-07-12T21:25:58.000,2017-07-12T21:34:05.000,2,1.80,1,N,68,230,1,8,0.5,0.5,3,0,0.3,12.3
1,2017-07-12T21:36:50.000,2017-07-12T22:02:59.000,1,3.90,1,N,230,231,1,18,0.5,0.5,0,0,0.3,19.3
2,2017-07-12T21:16:25.000,2017-07-12T21:27:47.000,1,1.29,1,N,48,233,1,8.5,0.5,0.5,1.96,0,0.3,11.76
2,2017-07-12T21:38:31.000,2017-07-12T21:45:15.000,1,1.11,1,N,164,162,1,6.5,0.5,0.5,1.17,0,0.3,8.97
1,2017-07-12T21:11:42.000,2017-07-12T21:21:14.000,1,1.10,1,N,79,211,1,7.5,0.5,0.5,1.75,0,0.3,10.55
1,2017-07-12T21:27:15.000,2017-07-12T21:37:54.000,1,1.70,1,N,113,170,1,9,0.5,0.5,2.05,0,0.3,12.35
1,2017-07-12T21:42:28.000,2017-07-12T21:55:51.000,1,1.60,1,N,107,158,1,10,0.5,0.5,2.25,0,0.3,13.55
1,2017-07-12T21:58:28.000,2017-07-12T22:11:36.000,1,2.00,1,N,249,170,1,10.5,0.5,0.5,2.35,0,0.3,14.15
2,2017-07-12T21:17:43.000,2017-07-12T21:22:54.000,1,0.61,1,N,48,50,1,5,0.5,0.5,1.26,0,0.3,7.56
2,2017-07-12T21:37:29.000,2017-07-12T21:51:10.000,1,2.77,1,N,230,238,2,12,0.5,0.5,0,0,0.3,13.3
2,2017-07-12T21:52:11.000,2017-07-12T22:02:16.000,1,2.15,1,N,238,42,2,9.5,0.5,0.5,0,0,0.3,10.8
2,2017-07-12T21:15:22.000,2017-07-12T21:34:02.000,2,5.32,1,N,164,209,1,19.5,0.5,0.5,5.2,0,0.3,26
2,2017-07-12T21:41:16.000,2017-07-12T22:02:11.000,2,3.00,1,N,231,230,1,15,0.5,0.5,2.44,0,0.3,18.74
2,2017-07-12T21:25:45.000,2017-07-12T21:33:35.000,1,1.48,1,N,142,164,1,7.5,0.5,0.5,2.2,0,0.3,11
2,2017-07-12T21:36:13.000,2017-07-12T21:54:49.000,1,5.33,1,N,164,88,1,19.5,0.5,0.5,4.16,0,0.3,24.96
1,2017-07-12T21:00:23.000,2017-07-12T21:23:42.000,1,3.30,1,N,162,231,1,16.5,0.5,0.5,3.55,0,0.3,21.35
1,2017-07-12T21:26:51.000,2017-07-12T21:53:10.000,2,2.90,1,N,231,170,2,17,0.5,0.5,0,0,0.3,18.3
2,2017-07-12T21:30:03.000,2017-07-12T21:58:11.000,1,16.43,1,N,132,16,1,45.5,0.5,0.5,11.7,0,0.3,58.5
2,2017-07-12T21:15:30.000,2017-07-12T21:19:24.000,1,0.83,1,N,48,68,2,5,0.5,0.5,0,0,0.3,6.3
2,2017-07-12T21:57:36.000,2017-07-12T22:10:41.000,1,2.37,1,N,48,239,1,11,0.5,0.5,2.46,0,0.3,14.76
2,2017-07-12T21:29:38.000,2017-07-12T21:59:18.000,1,13.55,1,N,138,249,1,38.5,0.5,0.5,7.96,0,0.3,47.76
2,2017-07-12T21:01:37.000,2017-07-12T21:14:59.000,1,1.85,1,N,161,143,1,10,0.5,0.5,2.26,0,0.3,13.56
2,2017-07-12T21:36:31.000,2017-07-12T21:53:41.000,1,2.81,1,N,68,233,1,13,0.5,0.5,2,0,0.3,16.3
2,2017-07-12T21:02:51.000,2017-07-12T21:11:51.000,6,1.65,1,N,233,224,1,8.5,0.5,0.5,1.96,0,0.3,11.76
2,2017-07-12T21:23:21.000,2017-07-12T21:35:21.000,6,1.88,1,N,79,87,1,10,0.5,0.5,2.26,0,0.3,13.56
2,2017-07-12T21:40:41.000,2017-07-12T22:09:15.000,6,6.39,1,N,261,141,1,22.5,0.5,0.5,4.76,0,0.3,28.56
2,2017-07-12T21:16:33.000,2017-07-12T21:30:45.000,2,2.69,1,N,264,264,2,11.5,0.5,0.5,0,0,0.3,12.8
2,2017-07-12T21:37:00.000,2017-07-12T21:50:41.000,2,3.00,1,N,264,264,1,12.5,0.5,0.5,3.45,0,0.3,17.25
2,2017-07-12T21:11:17.000,2017-07-12T21:33:07.000,1,3.46,1,N,164,231,1,17,0.5,0.5,3.66,0,0.3,21.96
2,2017-07-12T21:45:44.000,2017-07-12T22:11:58.000,1,8.56,1,N,231,42,1,28,0.5,0.5,4.08,0,0.3,33.38
1,2017-07-12T21:34:07.000,2017-07-12T21:43:31.000,1,1.10,1,N,170,107,1,7.5,0.5,0.5,1.75,0,0.3,10.55
1,2017-07-12T21:50:31.000,2017-07-12T22:15:07.000,3,4.80,1,N,79,181,1,20,0.5,0.5,2.7,0,0.3,24
2,2017-07-12T21:35:56.000,2017-07-12T21:51:13.000,1,4.59,1,N,79,13,1,16.5,0.5,0.5,3.56,0,0.3,21.36
2,2017-07-12T21:57:56.000,2017-07-12T22:36:09.000,1,11.61,1,N,13,196,1,38.5,0.5,0.5,7.96,0,0.3,47.76
1,2017-07-12T21:03:14.000,2017-07-12T21:16:19.000,1,1.70,1,N,234,144,1,10,0.5,0.5,2.25,0,0.3,13.55
1,2017-07-12T21:17:05.000,2017-07-12T21:32:36.000,1,2.60,1,N,144,186,2,12,0.5,0.5,0,0,0.3,13.3
1,2017-07-12T21:37:44.000,2017-07-12T21:52:48.000,1,2.10,1,N,170,79,1,12,0.5,0.5,1,0,0.3,14.3
1,2017-07-12T21:54:30.000,2017-07-12T22:20:42.000,1,3.90,1,N,79,97,1,19,0.5,0.5,4.05,0,0.3,24.35
2,2017-07-12T21:11:26.000,2017-07-12T21:16:34.000,1,1.27,1,N,230,142,2,6.5,0.5,0.5,0,0,0.3,7.8
2,2017-07-12T21:26:30.000,2017-07-12T21:33:06.000,1,0.83,1,N,48,161,1,6,0.5,0.5,1.46,0,0.3,8.76
2,2017-07-12T21:33:44.000,2017-07-12T21:44:50.000,1,2.18,1,N,161,263,1,10,0.5,0.5,2.26,0,0.3,13.56
2,2017-07-12T21:45:22.000,2017-07-12T22:08:05.000,1,3.15,1,N,263,164,1,16,0.5,0.5,1,0,0.3,18.3
2,2017-07-12T21:23:11.000,2017-07-12T21:36:42.000,1,2.75,1,N,113,50,1,12,0.5,0.5,2.66,0,0.3,15.96
2,2017-07-12T21:41:12.000,2017-07-12T21:54:58.000,1,2.05,1,N,48,107,2,11,0.5,0.5,0,0,0.3,12.3
2,2017-07-12T21:44:12.000,2017-07-12T22:02:36.000,1,9.21,1,N,132,76,1,26.5,0.5,0.5,3,0,0.3,30.8
2,2017-07-12T21:27:41.000,2017-07-12T21:41:37.000,1,3.07,1,N,166,43,1,12.5,0.5,0.5,2,0,0.3,15.8
1,2017-07-12T21:02:32.000,2017-07-12T21:07:20.000,1,1.20,1,N,68,158,1,6,0.5,0.5,1.45,0,0.3,8.75
1,2017-07-12T21:13:15.000,2017-07-12T21:20:53.000,1,1.00,1,N,90,107,1,7,0.5,0.5,1.65,0,0.3,9.95
1,2017-07-12T21:35:36.000,2017-07-12T22:00:30.000,1,5.40,1,N,68,236,1,20.5,0.5,0.5,4.36,0,0.3,26.16
1,2017-07-12T21:03:11.000,2017-07-12T21:10:48.000,1,1.20,1,N,163,50,1,7,0.5,0.5,2.05,0,0.3,10.35
1,2017-07-12T21:12:58.000,2017-07-12T21:25:39.000,1,3.30,1,N,50,236,1,12,0.5,0.5,2.65,0,0.3,15.95
1,2017-07-12T21:30:38.000,2017-07-12T21:38:53.000,1,1.50,1,N,263,141,1,7.5,0.5,0.5,1,0,0.3,9.8
1,2017-07-12T21:41:00.000,2017-07-12T21:52:55.000,4,2.00,1,N,141,107,1,10,0.5,0.5,2.25,0,0.3,13.55
1,2017-07-12T21:55:31.000,2017-07-12T22:09:43.000,2,2.10,1,N,107,230,2,11,0.5,0.5,0,0,0.3,12.3
2,2017-07-12T21:07:27.000,2017-07-12T21:14:10.000,1,1.06,1,N,48,163,1,6.5,0.5,0.5,1.56,0,0.3,9.36
2,2017-07-12T21:25:19.000,2017-07-12T21:30:40.000,1,0.67,1,N,170,230,2,5.5,0.5,0.5,0,0,0.3,6.8
2,2017-07-12T21:32:30.000,2017-07-12T22:11:57.000,1,18.99,1,N,230,46,1,52.5,0.5,0.5,10.76,0,0.3,64.56
2,2017-07-12T21:02:01.000,2017-07-12T21:16:25.000,1,3.94,1,N,233,151,1,14.5,0.5,0.5,1,0,0.3,16.8
2,2017-07-12T21:20:54.000,2017-07-12T21:23:13.000,1,0.61,1,N,238,238,1,4,0.5,0.5,1.06,0,0.3,6.36
2,2017-07-12T21:34:18.000,2017-07-12T21:38:19.000,1,0.89,1,N,142,48,2,5,0.5,0.5,0,0,0.3,6.3
2,2017-07-12T21:43:54.000,2017-07-12T21:50:41.000,1,1.33,1,N,48,68,1,7,0.5,0.5,1.66,0,0.3,9.96
2,2017-07-12T21:53:46.000,2017-07-12T22:03:20.000,1,1.25,1,N,90,48,2,8,0.5,0.5,0,0,0.3,9.3
2,2017-07-12T21:21:08.000,2017-07-12T21:29:13.000,1,1.52,1,N,237,170,2,7.5,0.5,0.5,0,0,0.3,8.8
2,2017-07-12T21:30:59.000,2017-07-12T21:39:34.000,1,0.92,1,N,170,234,1,7,0.5,0.5,1.66,0,0.3,9.96
2,2017-07-12T21:40:51.000,2017-07-12T21:46:15.000,1,0.62,1,N,234,100,1,5,0.5,0.5,1.26,0,0.3,7.56
2,2017-07-12T21:48:24.000,2017-07-12T22:01:12.000,1,2.06,1,N,100,143,1,10,0.5,0.5,2.26,0,0.3,13.56
2,2017-07-12T21:55:26.000,2017-07-12T22:08:00.000,2,1.88,1,N,68,234,2,9.5,0.5,0.5,0,0,0.3,10.8
1,2017-07-12T21:07:03.000,2017-07-12T21:10:14.000,1,0.40,1,N,237,236,2,4,0.5,0.5,0,0,0.3,5.3
1,2017-07-12T21:37:35.000,2017-07-12T21:42:59.000,1,0.80,1,N,164,234,1,5.5,0.5,0.5,1.35,0,0.3,8.15
1,2017-07-12T21:44:35.000,2017-07-12T22:04:31.000,1,3.50,1,N,234,143,1,15,0.5,0.5,2.75,0,0.3,19.05
2,2017-07-12T21:17:53.000,2017-07-12T21:28:01.000,1,1.73,1,N,144,90,1,8.5,0.5,0.5,1.96,0,0.3,11.76
2,2017-07-12T21:29:25.000,2017-07-12T22:03:55.000,1,8.97,1,N,90,228,1,31,0.5,0.5,3,0,0.3,35.3
2,2017-07-12T21:31:42.000,2017-07-12T21:46:57.000,1,1.77,1,N,170,249,1,11,0.5,0.5,2.46,0,0.3,14.76
2,2017-07-12T21:55:04.000,2017-07-12T22:03:34.000,1,1.39,1,N,249,211,2,7.5,0.5,0.5,0,0,0.3,8.8
2,2017-07-12T21:11:39.000,2017-07-12T21:20:14.000,1,1.40,1,N,141,163,2,7.5,0.5,0.5,0,0,0.3,8.8
2,2017-07-12T21:22:01.000,2017-07-12T21:25:07.000,1,1.16,1,N,161,236,2,5,0.5,0.5,0,0,0.3,6.3
2,2017-07-12T21:28:08.000,2017-07-12T21:30:27.000,1,0.47,1,N,237,141,2,4,0.5,0.5,0,0,0.3,5.3
2,2017-07-12T21:46:25.000,2017-07-12T21:59:06.000,1,1.36,1,N,230,162,1,9,0.5,0.5,2.58,0,0.3,12.88
2,2017-07-12T21:27:58.000,2017-07-12T21:41:03.000,4,1.83,1,N,162,224,1,10,0.5,0.5,2.26,0,0.3,13.56
2,2017-07-12T21:07:48.000,2017-07-12T21:16:46.000,3,1.59,1,N,230,142,1,8,0.5,0.5,2.32,0,0.3,11.62
2,2017-07-12T21:28:32.000,2017-07-12T21:56:43.000,3,3.37,1,N,163,90,1,19,0.5,0.5,4.06,0,0.3,24.36
2,2017-07-12T21:58:05.000,2017-07-12T22:11:06.000,3,2.23,1,N,249,163,1,11,0.5,0.5,3.69,0,0.3,15.99
2,2017-07-12T21:53:39.000,2017-07-12T22:09:28.000,1,2.73,1,N,68,148,2,12,0.5,0.5,0,0,0.3,13.3
2,2017-07-12T21:16:26.000,2017-07-12T21:38:07.000,6,2.06,1,N,230,163,1,14.5,0.5,0.5,3.16,0,0.3,18.96
2,2017-07-12T21:39:27.000,2017-07-12T21:51:38.000,6,2.14,1,N,163,238,2,10.5,0.5,0.5,0,0,0.3,11.8
1,2017-07-12T21:11:27.000,2017-07-12T21:21:04.000,1,1.60,1,N,170,229,1,8.5,0.5,0.5,1,0,0.3,10.8
1,2017-07-12T21:26:02.000,2017-07-12T21:31:28.000,2,0.90,1,N,229,170,1,5.5,0.5,0.5,1.35,0,0.3,8.15
1,2017-07-12T21:50:38.000,2017-07-12T22:10:30.000,1,8.90,1,N,138,238,1,26.5,0.5,0.5,8.35,5.76,0.3,41.91
2,2017-07-12T21:23:52.000,2017-07-12T21:36:56.000,2,2.98,1,N,237,238,2,12,0.5,0.5,0,0,0.3,13.3
2,2017-07-12T21:56:22.000,2017-07-12T22:04:43.000,1,1.18,1,N,230,161,2,7,0.5,0.5,0,0,0.3,8.3
1,2017-07-12T21:18:21.000,2017-07-12T21:31:11.000,1,2.80,1,N,231,107,1,11.5,0.5,0.5,2.55,0,0.3,15.35
1,2017-07-12T21:33:57.000,2017-07-12T21:49:18.000,1,1.90,1,N,107,148,1,11.5,0.5,0.5,1,0,0.3,13.8
1,2017-07-12T21:56:30.000,2017-07-12T22:32:05.000,1,12.10,1,N,144,14,1,36.5,0.5,0.5,8.7,5.76,0.3,52.26
1,2017-07-12T21:28:32.000,2017-07-12T21:48:00.000,1,4.00,1,N,140,68,1,16.5,0.5,0.5,3.55,0,0.3,21.35
1,2017-07-12T21:56:18.000,2017-07-12T22:02:54.000,4,1.70,1,N,68,50,2,7.5,0.5,0.5,0,0,0.3,8.8
2,2017-07-12T21:11:15.000,2017-07-12T21:15:29.000,1,0.97,1,N,137,229,1,5.5,0.5,0.5,1.36,0,0.3,8.16
2,2017-07-12T21:18:29.000,2017-07-12T21:22:38.000,1,0.45,1,N,162,141,1,4.5,0.5,0.5,1.16,0,0.3,6.96
2,2017-07-12T21:15:13.000,2017-07-12T21:41:17.000,2,3.91,1,N,231,233,1,18.5,0.5,0.5,4.95,0,0.3,24.75
2,2017-07-12T21:48:17.000,2017-07-13T21:41:17.000,3,1.94,1,N,162,186,2,11.5,0.5,0.5,0,0,0.3,12.8
1,2017-07-12T21:31:08.000,2017-07-12T21:52:48.000,1,11.80,1,N,138,137,1,33.5,0.5,0.5,10.1,5.76,0.3,50.66
2,2017-07-12T21:22:38.000,2017-07-12T21:29:14.000,1,1.68,1,N,237,263,1,7.5,0.5,0.5,1.76,0,0.3,10.56
2,2017-07-12T21:30:26.000,2017-07-12T21:33:23.000,1,0.95,1,N,236,75,1,5,0.5,0.5,1.89,0,0.3,8.19
2,2017-07-12T21:03:13.000,2017-07-12T21:08:17.000,1,0.89,1,N,148,232,1,5.5,0.5,0.5,1.36,0,0.3,8.16
2,2017-07-12T21:15:17.000,2017-07-12T21:38:53.000,1,5.78,1,N,87,50,1,21,0.5,0.5,4.46,0,0.3,26.76
2,2017-07-12T21:48:30.000,2017-07-12T21:56:32.000,1,1.68,1,N,230,142,1,8,0.5,0.5,1.86,0,0.3,11.16
2,2017-07-12T21:12:33.000,2017-07-12T21:36:18.000,1,6.90,1,N,162,13,1,24.5,0.5,0.5,2.75,0,0.3,28.55
2,2017-07-12T21:39:04.000,2017-07-12T21:52:26.000,1,1.35,1,N,13,87,1,10,0.5,0.5,2.26,0,0.3,13.56
2,2017-07-12T21:55:30.000,2017-07-12T22:10:51.000,1,2.02,1,N,87,33,1,10.5,0.5,0.5,2.36,0,0.3,14.16
1,2017-07-12T21:04:45.000,2017-07-12T21:11:15.000,1,1.10,1,N,161,164,1,6.5,0.5,0.5,1.55,0,0.3,9.35
1,2017-07-12T21:20:56.000,2017-07-12T21:26:08.000,1,0.80,1,N,161,164,1,5.5,0.5,0.5,1.35,0,0.3,8.15
1,2017-07-12T21:31:06.000,2017-07-12T21:50:40.000,2,3.20,1,N,234,142,1,15,0.5,0.5,3.26,0,0.3,19.56
2,2017-07-12T21:02:26.000,2017-07-12T21:18:46.000,1,3.39,1,N,107,263,1,13.5,0.5,0.5,2.96,0,0.3,17.76
2,2017-07-12T21:20:58.000,2017-07-12T21:35:40.000,1,5.43,1,N,141,144,1,17.5,0.5,0.5,3.76,0,0.3,22.56
2,2017-07-12T21:36:36.000,2017-07-12T21:51:00.000,1,2.10,1,N,144,90,2,11,0.5,0.5,0,0,0.3,12.3
1,2017-07-12T21:27:49.000,2017-07-12T22:10:20.000,1,6.80,1,N,249,236,1,29.5,0.5,0.5,6.15,0,0.3,36.95
2,2017-07-12T21:09:58.000,2017-07-12T21:14:35.000,1,0.97,1,N,170,107,1,5.5,0.5,0.5,1.36,0,0.3,8.16
2,2017-07-12T21:19:10.000,2017-07-13T21:14:35.000,1,2.97,1,N,170,142,2,13,0.5,0.5,0,0,0.3,14.3
2,2017-07-12T21:44:33.000,2017-07-12T21:58:50.000,1,2.47,1,N,230,107,1,11,0.5,0.5,2.46,0,0.3,14.76
2,2017-07-12T21:59:48.000,2017-07-12T22:11:53.000,1,2.03,1,N,107,161,2,10,0.5,0.5,0,0,0.3,11.3
1,2017-07-12T21:53:13.000,2017-07-12T21:58:35.000,1,1.10,1,N,79,148,2,6,0.5,0.5,0,0,0.3,7.3
1,2017-07-12T21:15:50.000,2017-07-12T21:19:38.000,1,0.60,1,N,234,170,1,5,0.5,0.5,1.25,0,0.3,7.55
1,2017-07-12T21:29:04.000,2017-07-12T21:33:55.000,1,1.10,1,N,170,107,1,6,0.5,0.5,1.45,0,0.3,8.75
1,2017-07-12T21:35:11.000,2017-07-12T21:40:38.000,1,1.10,1,N,107,137,1,6,0.5,0.5,1,0,0.3,8.3
1,2017-07-12T21:01:44.000,2017-07-12T21:07:13.000,2,0.80,1,N,164,161,2,5.5,0.5,0.5,0,0,0.3,6.8
1,2017-07-12T21:09:47.000,2017-07-12T21:19:23.000,3,1.10,1,N,161,246,1,8,0.5,0.5,1.4,0,0.3,10.7
1,2017-07-12T21:25:19.000,2017-07-12T21:30:26.000,1,0.40,1,N,48,48,1,5,0.5,0.5,1.25,0,0.3,7.55
1,2017-07-12T21:44:49.000,2017-07-12T21:52:38.000,1,1.50,1,N,163,239,1,8,0.5,0.5,1.85,0,0.3,11.15
1,2017-07-12T21:58:24.000,2017-07-12T22:01:35.000,1,0.80,1,N,142,239,1,5,0.5,0.5,1.26,0,0.3,7.56
1,2017-07-12T21:01:20.000,2017-07-12T21:26:17.000,1,10.00,1,N,138,238,1,30.5,0.5,0.5,7.5,5.76,0.3,45.06
1,2017-07-12T21:50:09.000,2017-07-12T21:53:05.000,1,0.50,1,N,238,238,1,4,0.5,0.5,2,0,0.3,7.3
2,2017-07-12T21:04:53.000,2017-07-12T21:21:10.000,2,1.85,1,N,161,50,1,11.5,0.5,0.5,1.2,0,0.3,14
2,2017-07-12T21:30:55.000,2017-07-12T21:40:32.000,2,1.09,1,N,48,170,2,7.5,0.5,0.5,0,0,0.3,8.8
2,2017-07-12T21:47:50.000,2017-07-12T22:03:13.000,3,4.83,1,N,170,88,1,17,0.5,0.5,3,0,0.3,21.3
2,2017-07-12T21:52:53.000,2017-07-12T22:16:28.000,1,5.59,2,N,226,142,1,52,0,0.5,11.71,5.76,0.3,70.27
2,2017-07-12T21:11:53.000,2017-07-12T21:38:24.000,2,3.38,1,N,162,158,2,18,0.5,0.5,0,0,0.3,19.3
2,2017-07-12T21:41:07.000,2017-07-12T21:55:26.000,2,1.90,1,N,158,68,2,10.5,0.5,0.5,0,0,0.3,11.8
2,2017-07-12T21:46:19.000,2017-07-12T21:53:14.000,1,0.99,1,N,161,237,1,6,0.5,0.5,0.75,0,0.3,8.05
2,2017-07-12T21:55:41.000,2017-07-12T22:08:46.000,1,2.45,1,N,237,113,1,10.5,0.5,0.5,2.36,0,0.3,14.16
1,2017-07-12T21:12:39.000,2017-07-12T21:21:44.000,1,1.50,1,N,137,79,1,8,0.5,0.5,1.85,0,0.3,11.15
1,2017-07-12T21:27:44.000,2017-07-12T21:41:16.000,1,1.60,1,N,79,170,1,10.5,0.5,0.5,2.35,0,0.3,14.15
1,2017-07-12T21:48:46.000,2017-07-12T21:58:52.000,1,1.30,1,N,170,237,2,8,0.5,0.5,0,0,0.3,9.3
2,2017-07-12T21:29:28.000,2017-07-12T21:42:59.000,1,2.65,1,N,255,17,1,11,0.5,0.5,2.46,0,0.3,14.76
1,2017-07-12T21:28:10.000,2017-07-12T21:55:26.000,3,12.00,1,N,132,117,2,35.5,0.5,0.5,0,2.16,0.3,38.96
2,2017-07-12T21:25:40.000,2017-07-12T21:32:04.000,1,1.06,1,N,230,246,1,6,0.5,0.5,1.35,0,0.3,8.65
2,2017-07-12T21:34:11.000,2017-07-12T21:41:04.000,1,1.68,1,N,246,68,1,7.5,0.5,0.5,1.76,0,0.3,10.56
2,2017-07-12T21:42:26.000,2017-07-12T21:56:58.000,1,1.87,1,N,68,161,2,11,0.5,0.5,0,0,0.3,12.3
2,2017-07-12T21:58:29.000,2017-07-12T22:09:48.000,1,1.26,1,N,161,229,1,7.5,0.5,0.5,1.76,0,0.3,10.56
2,2017-07-12T21:04:12.000,2017-07-12T21:30:13.000,5,3.03,1,N,114,33,1,16,0.5,0.5,0,0,0.3,17.3
2,2017-07-12T21:34:55.000,2017-07-12T21:52:26.000,1,6.73,1,N,33,229,2,20.5,0.5,0.5,0,0,0.3,21.8
2,2017-07-12T21:42:42.000,2017-07-12T22:02:20.000,1,8.50,1,N,138,263,1,25.5,0.5,0.5,6.51,5.76,0.3,39.07
2,2017-07-12T21:18:22.000,2017-07-12T21:36:42.000,1,2.92,1,N,100,141,1,13.5,0.5,0.5,2,0,0.3,16.8
2,2017-07-12T21:42:37.000,2017-07-12T22:09:47.000,1,4.24,1,N,263,68,1,19.5,0.5,0.5,4.16,0,0.3,24.96
1,2017-07-12T21:15:29.000,2017-07-12T21:19:46.000,1,0.60,1,N,68,100,1,5,0.5,0.5,1.25,0,0.3,7.55
1,2017-07-12T21:31:11.000,2017-07-12T21:52:18.000,1,4.50,1,N,164,238,1,17.5,0.5,0.5,3.75,0,0.3,22.55
1,2017-07-12T21:21:07.000,2017-07-12T21:38:27.000,1,3.30,1,N,161,262,1,13.5,0.5,0.5,0.74,0,0.3,15.54
1,2017-07-12T21:32:17.000,2017-07-12T21:43:22.000,2,2.10,1,N,170,142,2,9.5,0.5,0.5,0,0,0.3,10.8
1,2017-07-12T21:49:53.000,2017-07-12T22:07:31.000,1,3.10,1,N,142,249,1,13.5,0.5,0.5,1.5,0,0.3,16.3
2,2017-07-12T21:06:43.000,2017-07-12T21:12:18.000,1,1.00,1,N,237,162,1,6,0.5,0.5,1,0,0.3,8.3
2,2017-07-12T21:28:40.000,2017-07-12T21:32:57.000,2,0.73,1,N,48,48,1,5,0.5,0.5,3,0,0.3,9.3
2,2017-07-12T21:36:34.000,2017-07-12T21:59:04.000,2,4.17,1,N,68,75,2,17.5,0.5,0.5,0,0,0.3,18.8
1,2017-07-12T21:07:59.000,2017-07-12T21:23:44.000,2,2.80,1,N,13,249,1,13,0.5,0.5,0,0,0.3,14.3
1,2017-07-12T21:25:13.000,2017-07-12T21:41:50.000,2,3.40,1,N,249,142,1,14,0.5,0.5,3.05,0,0.3,18.35
1,2017-07-12T21:50:32.000,2017-07-12T22:26:34.000,1,9.10,1,N,43,52,1,31.5,0.5,0.5,6.55,0,0.3,39.35
1,2017-07-12T21:06:31.000,2017-07-12T21:27:05.000,1,3.30,1,N,232,52,1,14.5,0.5,0.5,4.7,0,0.3,20.5
1,2017-07-12T21:50:09.000,2017-07-12T22:07:12.000,1,3.20,1,N,148,255,1,14,0.5,0.5,1.75,0,0.3,17.05
1,2017-07-12T21:14:18.000,2017-07-12T21:14:26.000,1,0.00,1,N,132,132,3,2.5,0.5,0.5,0,0,0.3,3.8
1,2017-07-12T21:14:55.000,2017-07-12T22:02:34.000,2,21.20,2,N,132,87,2,52,0,0.5,0,0,0.3,52.8
1,2017-07-12T21:04:55.000,2017-07-12T21:22:28.000,1,2.20,1,N,114,170,2,12.5,0.5,0.5,0,0,0.3,13.8
1,2017-07-12T21:25:45.000,2017-07-12T21:28:31.000,1,0.30,1,N,170,170,1,3.5,0.5,0.5,1.2,0,0.3,6
1,2017-07-12T21:31:06.000,2017-07-12T21:37:53.000,1,0.70,1,N,170,162,1,6,0.5,0.5,1.45,0,0.3,8.75
1,2017-07-12T21:45:01.000,2017-07-12T21:56:14.000,1,1.20,1,N,170,90,1,8.5,0.5,0.5,1.2,0,0.3,11
1,2017-07-12T21:57:35.000,2017-07-12T22:26:02.000,1,4.60,1,N,90,145,1,20.5,0.5,0.5,4.36,0,0.3,26.16
2,2017-07-12T21:01:05.000,2017-07-12T21:08:04.000,1,1.07,1,N,114,158,1,6.5,0.5,0.5,1.95,0,0.3,9.75
2,2017-07-12T21:11:29.000,2017-07-12T21:22:52.000,1,2.16,1,N,158,231,1,10,0.5,0.5,2,0,0.3,13.3
2,2017-07-12T21:23:32.000,2017-07-12T21:31:23.000,1,1.12,1,N,231,87,1,6.5,0.5,0.5,2.34,0,0.3,10.14
2,2017-07-12T21:33:50.000,2017-07-12T22:01:24.000,1,12.15,1,N,87,116,1,34.5,0.5,0.5,7.16,0,0.3,42.96
1,2017-07-12T21:11:39.000,2017-07-12T21:33:25.000,2,2.40,1,N,148,45,1,15,0.5,0.5,0,0,0.3,16.3
1,2017-07-12T21:35:20.000,2017-07-12T22:05:39.000,4,4.00,1,N,45,162,1,21,0.5,0.5,4.45,0,0.3,26.75
2,2017-07-12T21:02:06.000,2017-07-12T21:04:22.000,1,0.85,1,N,263,75,1,4.5,0.5,0.5,1.45,0,0.3,7.25
2,2017-07-12T21:17:13.000,2017-07-12T21:28:20.000,1,4.45,1,N,236,224,1,15,0.5,0.5,3.26,0,0.3,19.56
2,2017-07-12T21:41:57.000,2017-07-12T21:54:48.000,1,1.95,1,N,234,144,1,10.5,0.5,0.5,2.36,0,0.3,14.16
2,2017-07-12T21:58:54.000,2017-07-12T22:02:17.000,1,0.48,1,N,148,79,1,4.5,0.5,0.5,1.16,0,0.3,6.96
2,2017-07-12T21:07:52.000,2017-07-12T21:12:53.000,1,0.69,1,N,164,161,2,5,0.5,0.5,0,0,0.3,6.3
2,2017-07-12T21:13:37.000,2017-07-12T21:24:12.000,1,1.94,1,N,161,237,1,9,0.5,0.5,2.06,0,0.3,12.36
2,2017-07-12T21:38:03.000,2017-07-12T21:51:51.000,1,2.26,1,N,170,79,2,10.5,0.5,0.5,0,0,0.3,11.8
2,2017-07-12T21:57:37.000,2017-07-12T22:03:49.000,1,0.81,1,N,79,107,1,6,0.5,0.5,1.82,0,0.3,9.12
1,2017-07-12T21:42:44.000,2017-07-12T22:13:12.000,1,15.40,1,N,132,89,1,44.5,0.5,0.5,9.15,0,0.3,54.95
2,2017-07-12T21:13:46.000,2017-07-12T21:33:15.000,1,2.74,1,N,161,79,2,14,0.5,0.5,0,0,0.3,15.3
2,2017-07-12T21:36:48.000,2017-07-12T21:56:06.000,1,2.79,1,N,79,140,1,14,0.5,0.5,2,0,0.3,17.3
2,2017-07-12T21:08:02.000,2017-07-12T21:17:14.000,1,0.94,1,N,68,246,1,7.5,0.5,0.5,2.64,0,0.3,11.44
2,2017-07-12T21:21:35.000,2017-07-12T21:30:59.000,1,2.81,1,N,246,238,1,11,0.5,0.5,2.46,0,0.3,14.76
2,2017-07-12T21:36:18.000,2017-07-12T21:37:44.000,1,0.45,1,N,238,239,2,3.5,0.5,0.5,0,0,0.3,4.8
2,2017-07-12T21:51:36.000,2017-07-12T21:57:49.000,1,1.02,1,N,48,48,2,6,0.5,0.5,0,0,0.3,7.3
2,2017-07-12T21:00:04.000,2017-07-12T21:22:25.000,1,4.44,1,N,161,74,1,18.5,0.5,0.5,0,0,0.3,19.8
2,2017-07-12T21:47:35.000,2017-07-12T22:09:04.000,1,4.38,1,N,161,13,1,17,0.5,0.5,3.66,0,0.3,21.96
2,2017-07-12T21:14:14.000,2017-07-12T21:28:52.000,1,2.55,1,N,48,249,1,11.5,0.5,0.5,3.2,0,0.3,16
2,2017-07-12T21:33:19.000,2017-07-12T21:48:27.000,1,2.47,1,N,90,229,1,12,0.5,0.5,2.66,0,0.3,15.96
2,2017-07-12T21:49:25.000,2017-07-12T21:58:48.000,1,1.12,1,N,229,163,2,7.5,0.5,0.5,0,0,0.3,8.8
2,2017-07-12T21:55:27.000,2017-07-12T22:04:03.000,1,1.04,1,N,164,229,1,7,0.5,0.5,2.08,0,0.3,10.38
2,2017-07-12T21:02:13.000,2017-07-12T21:08:35.000,5,0.93,1,N,162,233,1,6,0.5,0.5,1.46,0,0.3,8.76
2,2017-07-12T21:16:01.000,2017-07-12T21:23:14.000,5,0.65,1,N,162,161,1,6,0.5,0.5,1.82,0,0.3,9.12
2,2017-07-12T21:25:20.000,2017-07-12T21:29:43.000,5,0.75,1,N,163,142,2,5,0.5,0.5,0,0,0.3,6.3
2,2017-07-12T21:39:07.000,2017-07-12T21:45:42.000,5,0.63,1,N,237,229,1,6,0.5,0.5,1.82,0,0.3,9.12
2,2017-07-12T21:21:53.000,2017-07-12T21:59:58.000,5,17.92,2,N,132,164,2,52,0,0.5,0,5.76,0.3,58.56
2,2017-07-12T21:00:52.000,2017-07-12T21:24:03.000,1,5.70,1,N,68,232,1,21,0.5,0.5,5.58,0,0.3,27.88
2,2017-07-12T21:42:09.000,2017-07-12T22:06:19.000,1,4.05,1,N,144,230,2,17,0.5,0.5,0,0,0.3,18.3
1,2017-07-12T21:51:15.000,2017-07-12T22:17:15.000,1,11.40,1,N,138,164,1,34.5,0.5,0.5,5,5.76,0.3,46.56
2,2017-07-12T21:29:58.000,2017-07-12T21:42:36.000,1,2.61,1,N,163,262,1,11,0.5,0.5,2.46,0,0.3,14.76
2,2017-07-12T21:05:54.000,2017-07-12T21:09:25.000,2,0.70,1,N,48,50,1,4.5,0.5,0.5,1.16,0,0.3,6.96
1,2017-07-12T21:17:37.000,2017-07-12T21:39:46.000,1,1.50,1,N,230,43,1,14.5,0.5,0.5,0,0,0.3,15.8
1,2017-07-12T21:51:11.000,2017-07-12T22:13:57.000,1,4.30,1,N,141,24,1,18.5,0.5,0.5,3.96,0,0.3,23.76
2,2017-07-12T21:13:35.000,2017-07-12T21:22:05.000,1,1.37,1,N,230,142,1,7.5,0.5,0.5,2.64,0,0.3,11.44
2,2017-07-12T21:29:24.000,2017-07-12T21:33:48.000,1,0.46,1,N,161,161,2,4,0.5,0.5,0,0,0.3,5.3
2,2017-07-12T21:35:39.000,2017-07-12T22:01:49.000,1,5.01,1,N,161,261,1,20,0.5,0.5,4.26,0,0.3,25.56
1,2017-07-12T21:02:06.000,2017-07-12T21:10:55.000,1,0.70,1,N,158,211,1,7,0.5,0.5,0.07,0,0.3,8.37
1,2017-07-12T21:13:20.000,2017-07-12T21:40:13.000,1,3.90,1,N,211,52,1,17.5,0.5,0.5,3.75,0,0.3,22.55
1,2017-07-12T21:41:42.000,2017-07-12T21:41:46.000,1,0.00,1,N,52,52,2,2.5,0.5,0.5,0,0,0.3,3.8
1,2017-07-12T21:55:08.000,2017-07-12T22:21:09.000,1,7.10,1,N,52,198,1,24.5,0.5,0.5,4,0,0.3,29.8
2,2017-07-12T21:09:36.000,2017-07-12T21:16:49.000,1,1.21,1,N,43,142,1,7,0.5,0.5,2.08,0,0.3,10.38
2,2017-07-12T21:20:19.000,2017-07-12T21:28:22.000,1,1.71,1,N,142,238,1,8,0.5,0.5,1.86,0,0.3,11.16
2,2017-07-12T21:37:26.000,2017-07-12T22:01:11.000,1,4.69,1,N,239,113,1,18.5,0.5,0.5,3.96,0,0.3,23.76
2,2017-07-12T21:46:33.000,2017-07-12T22:05:59.000,1,10.29,1,N,132,56,2,28.5,0.5,0.5,0,0,0.3,29.8
1,2017-07-12T21:05:22.000,2017-07-12T21:13:33.000,1,0.90,1,N,90,137,1,6.5,0.5,0.5,2.3,0,0.3,10.1
1,2017-07-12T21:40:28.000,2017-07-12T21:50:36.000,1,1.90,1,N,164,237,1,9,0.5,0.5,1.55,0,0.3,11.85
2,2017-07-12T21:37:55.000,2017-07-12T21:47:01.000,2,1.40,1,N,43,161,2,7.5,0.5,0.5,0,0,0.3,8.8
2,2017-07-12T21:47:23.000,2017-07-12T22:01:52.000,2,2.42,1,N,161,114,1,11.5,0.5,0.5,3.2,0,0.3,16
2,2017-07-12T21:03:54.000,2017-07-12T21:10:23.000,6,1.47,1,N,50,100,2,7,0.5,0.5,0,0,0.3,8.3
2,2017-07-12T21:14:34.000,2017-07-12T21:20:49.000,5,0.70,1,N,186,164,2,5.5,0.5,0.5,0,0,0.3,6.8
2,2017-07-12T21:35:12.000,2017-07-12T21:43:08.000,6,1.06,1,N,161,163,1,7,0.5,0.5,1.66,0,0.3,9.96
2,2017-07-12T21:46:10.000,2017-07-12T21:53:08.000,6,1.13,1,N,163,237,1,7,0.5,0.5,1.66,0,0.3,9.96
2,2017-07-12T21:13:33.000,2017-07-12T21:40:07.000,1,4.70,1,N,114,17,1,20.5,0.5,0.5,5.45,0,0.3,27.25
1,2017-07-12T21:26:50.000,2017-07-12T21:55:19.000,1,10.90,1,N,138,230,1,34,0.5,0.5,8.2,5.76,0.3,49.26
1,2017-07-12T21:58:33.000,2017-07-12T22:13:34.000,1,2.20,1,N,230,90,2,11.5,0.5,0.5,0,0,0.3,12.8
2,2017-07-12T21:49:38.000,2017-07-12T22:15:34.000,1,10.37,1,N,138,225,1,31,0.5,0.5,6.46,0,0.3,38.76
2,2017-07-12T21:01:32.000,2017-07-12T21:13:12.000,1,1.83,1,N,239,163,2,9.5,0.5,0.5,0,0,0.3,10.8
2,2017-07-12T21:46:31.000,2017-07-12T22:05:11.000,1,3.02,1,N,48,140,1,14.5,0.5,0.5,1.2,0,0.3,17
1,2017-07-12T21:15:15.000,2017-07-12T21:29:32.000,1,2.20,1,N,263,233,1,11.5,0.5,0.5,2.55,0,0.3,15.35
1,2017-07-12T21:38:00.000,2017-07-12T21:47:43.000,1,1.60,1,N,137,148,1,8.5,0.5,0.5,1.95,0,0.3,11.75
1,2017-07-12T21:54:39.000,2017-07-12T22:07:31.000,1,2.10,1,N,79,170,1,10.5,0.5,0.5,3,0,0.3,14.8
1,2017-07-12T21:21:45.000,2017-07-12T21:26:36.000,3,0.90,1,N,43,237,4,5.5,0.5,0.5,0,0,0.3,6.8
1,2017-07-12T21:41:50.000,2017-07-12T21:46:42.000,1,0.60,1,N,161,162,1,5,0.5,0.5,4,0,0.3,10.3
1,2017-07-12T21:54:13.000,2017-07-12T22:04:15.000,1,2.40,1,N,161,262,1,10,0.5,0.5,2.25,0,0.3,13.55
2,2017-07-12T21:01:23.000,2017-07-12T21:14:22.000,3,1.19,1,N,163,161,2,9,0.5,0.5,0,0,0.3,10.3
2,2017-07-12T21:17:55.000,2017-07-12T21:29:41.000,2,2.16,1,N,164,114,2,10,0.5,0.5,0,0,0.3,11.3
2,2017-07-12T21:32:35.000,2017-07-12T21:47:25.000,2,2.96,1,N,211,256,1,13,0.5,0.5,2.8,0,0.3,17.1
1,2017-07-12T21:54:40.000,2017-07-12T22:21:32.000,1,8.90,1,N,138,140,1,30,0.5,0.5,6.25,0,0.3,37.55
2,2017-07-12T21:25:26.000,2017-07-12T21:32:27.000,1,0.85,1,N,161,170,2,6,0.5,0.5,0,0,0.3,7.3
2,2017-07-12T21:33:56.000,2017-07-12T21:46:48.000,1,3.78,1,N,170,75,1,13.5,0.5,0.5,2,0,0.3,16.8
2,2017-07-12T21:52:10.000,2017-07-12T22:13:17.000,1,5.64,1,N,75,7,1,19,0.5,0.5,4.06,0,0.3,24.36
2,2017-07-12T21:04:42.000,2017-07-12T21:24:56.000,1,1.95,1,N,114,148,1,13,0.5,0.5,2.86,0,0.3,17.16
2,2017-07-12T21:40:56.000,2017-07-12T21:54:07.000,1,1.72,1,N,137,79,1,10,0.5,0.5,2.26,0,0.3,13.56
2,2017-07-12T21:58:42.000,2017-07-12T22:18:17.000,1,2.64,1,N,79,100,2,14.5,0.5,0.5,0,0,0.3,15.8
2,2017-07-12T21:03:59.000,2017-07-12T21:25:12.000,2,2.22,1,N,141,48,1,14.5,0.5,0.5,3.95,0,0.3,19.75
2,2017-07-12T21:29:48.000,2017-07-12T21:38:21.000,2,2.20,1,N,50,238,1,9,0.5,0.5,3.09,0,0.3,13.39
2,2017-07-12T21:52:29.000,2017-07-12T21:58:13.000,2,1.51,1,N,239,151,1,7,0.5,0.5,1.66,0,0.3,9.96
1,2017-07-12T21:31:30.000,2017-07-12T22:10:26.000,5,28.60,2,N,132,261,2,52,0,0.5,0,5.76,0.3,58.56
2,2017-07-12T21:07:55.000,2017-07-12T21:17:48.000,4,2.99,1,N,137,262,1,10.5,0.5,0.5,2.36,0,0.3,14.16
1,2017-07-12T21:20:17.000,2017-07-12T21:43:10.000,2,7.10,1,N,132,95,1,22,0.5,0.5,4.65,0,0.3,27.95
2,2017-07-12T21:01:02.000,2017-07-12T21:12:06.000,1,1.57,1,N,114,164,2,9,0.5,0.5,0,0,0.3,10.3
2,2017-07-12T21:17:38.000,2017-07-12T21:30:34.000,1,2.39,1,N,234,48,2,10.5,0.5,0.5,0,0,0.3,11.8
2,2017-07-12T21:36:42.000,2017-07-12T21:42:41.000,1,0.84,1,N,230,233,1,5.5,0.5,0.5,1.36,0,0.3,8.16
2,2017-07-12T21:46:21.000,2017-07-12T22:01:34.000,1,2.21,1,N,162,43,2,12,0.5,0.5,0,0,0.3,13.3
1,2017-07-12T21:15:30.000,2017-07-12T21:27:15.000,1,1.00,1,N,161,230,1,8.5,0.5,0.5,1.95,0,0.3,11.75
1,2017-07-12T21:32:37.000,2017-07-12T21:41:42.000,1,0.80,1,N,48,246,2,7,0.5,0.5,0,0,0.3,8.3
1,2017-07-12T21:47:36.000,2017-07-12T22:09:14.000,1,3.40,1,N,48,263,1,15.5,0.5,0.5,3,0,0.3,19.8
1,2017-07-12T21:16:47.000,2017-07-12T21:30:54.000,1,2.10,1,N,264,264,1,11,0.5,0.5,3.05,0,0.3,15.35
1,2017-07-12T21:34:14.000,2017-07-12T21:43:48.000,1,0.70,1,N,264,264,2,7.5,0.5,0.5,0,0,0.3,8.8
1,2017-07-12T21:51:10.000,2017-07-12T21:56:31.000,1,0.70,1,N,249,264,1,5.5,0.5,0.5,1.35,0,0.3,8.15
1,2017-07-12T21:58:09.000,2017-07-12T22:40:15.000,1,12.80,1,N,264,264,2,41.5,0.5,0.5,0,0,0.3,42.8
2,2017-07-12T21:16:13.000,2017-07-12T21:50:36.000,1,12.97,1,N,132,189,1,38.5,0.5,0.5,7.96,0,0.3,47.76
2,2017-07-12T21:13:49.000,2017-07-12T21:37:39.000,1,4.50,1,N,107,143,1,18.5,0.5,0.5,2,0,0.3,21.8
2,2017-07-12T21:48:11.000,2017-07-12T21:57:11.000,1,1.14,1,N,43,229,1,7.5,0.5,0.5,1.76,0,0.3,10.56
2,2017-07-12T21:11:11.000,2017-07-12T21:23:11.000,1,1.45,1,N,144,224,1,9,0.5,0.5,2.06,0,0.3,12.36
2,2017-07-12T21:30:03.000,2017-07-12T21:49:48.000,1,2.72,1,N,234,43,1,13.5,0.5,0.5,1.5,0,0.3,16.3
2,2017-07-12T21:53:33.000,2017-07-12T22:00:50.000,1,0.77,1,N,163,230,1,6,0.5,0.5,1.31,0,0.3,8.61
1,2017-07-12T21:02:35.000,2017-07-12T21:15:58.000,1,2.80,1,N,162,145,1,12,0.5,0.5,3.3,0,0.3,16.6
1,2017-07-12T21:44:09.000,2017-07-12T22:05:49.000,1,9.30,1,N,138,236,1,28,0.5,0.5,8.75,5.76,0.3,43.81
1,2017-07-12T21:04:15.000,2017-07-12T21:27:35.000,1,3.40,1,N,186,45,2,16.5,0.5,0.5,0,0,0.3,17.8
1,2017-07-12T21:35:48.000,2017-07-12T21:42:09.000,1,0.80,1,N,87,231,1,6,0.5,0.5,1.7,0,0.3,9
1,2017-07-12T21:58:01.000,2017-07-12T22:10:39.000,1,4.30,1,N,234,45,1,14.5,0.5,0.5,3.16,0,0.3,18.96
1,2017-07-12T21:11:34.000,2017-07-12T21:17:41.000,1,0.60,1,N,162,161,1,5.5,0.5,0.5,1,0,0.3,7.8
1,2017-07-12T21:23:36.000,2017-07-12T21:47:57.000,2,4.30,1,N,161,226,1,19,0.5,0.5,4.05,0,0.3,24.35
1,2017-07-12T21:41:34.000,2017-07-12T21:46:45.000,1,1.10,1,N,158,246,1,6,0.5,0.5,2,0,0.3,9.3
1,2017-07-12T21:49:46.000,2017-07-12T21:55:37.000,1,1.40,1,N,246,107,1,6.5,0.5,0.5,1.2,0,0.3,9
1,2017-07-12T21:58:12.000,2017-07-12T22:08:47.000,1,1.40,1,N,170,161,2,8.5,0.5,0.5,0,0,0.3,9.8
1,2017-07-12T21:40:18.000,2017-07-12T21:50:50.000,1,2.50,1,N,142,236,1,10.5,0.5,0.5,2.36,0,0.3,14.16
1,2017-07-12T21:08:08.000,2017-07-12T21:36:35.000,1,5.60,1,N,161,13,1,23,0.5,0.5,2,0,0.3,26.3
1,2017-07-12T21:43:48.000,2017-07-12T21:51:08.000,1,1.80,1,N,231,68,1,8,0.5,0.5,1.85,0,0.3,11.15
1,2017-07-12T21:55:30.000,2017-07-12T22:06:41.000,1,2.10,1,N,68,161,1,10,0.5,0.5,2.25,0,0.3,13.55
1,2017-07-12T21:17:22.000,2017-07-12T21:28:04.000,1,2.30,1,N,163,262,1,10,0.5,0.5,2.26,0,0.3,13.56
1,2017-07-12T21:42:09.000,2017-07-12T21:56:09.000,1,1.80,1,N,233,224,2,10.5,0.5,0.5,0,0,0.3,11.8
2,2017-07-12T21:25:49.000,2017-07-12T21:37:46.000,2,2.28,1,N,230,113,2,10,0.5,0.5,0,0,0.3,11.3
2,2017-07-12T21:40:12.000,2017-07-12T21:43:20.000,2,0.61,1,N,113,234,1,4.5,0.5,0.5,1.5,0,0.3,7.3
2,2017-07-12T21:46:02.000,2017-07-12T22:03:02.000,2,1.70,1,N,234,233,2,11.5,0.5,0.5,0,0,0.3,12.8
2,2017-07-12T21:13:37.000,2017-07-12T21:24:25.000,1,1.65,1,N,237,230,2,9,0.5,0.5,0,0,0.3,10.3
2,2017-07-12T21:26:41.000,2017-07-12T21:40:41.000,1,2.56,1,N,48,237,2,10.5,0.5,0.5,0,0,0.3,11.8
2,2017-07-12T21:45:41.000,2017-07-12T21:56:41.000,1,1.92,1,N,237,262,2,9.5,0.5,0.5,0,0,0.3,10.8
2,2017-07-12T21:14:28.000,2017-07-12T21:28:08.000,1,1.52,1,N,48,229,2,10,0.5,0.5,0,0,0.3,11.3
2,2017-07-12T21:31:17.000,2017-07-12T21:37:34.000,1,2.20,1,N,162,263,1,8.5,0.5,0.5,1.96,0,0.3,11.76
2,2017-07-12T21:52:52.000,2017-07-12T22:38:35.000,1,10.18,1,N,162,181,1,37.5,0.5,0.5,5,0,0.3,43.8
1,2017-07-12T21:39:21.000,2017-07-12T21:54:55.000,1,9.60,1,N,138,65,1,27,0.5,0.5,5.65,0,0.3,33.95
2,2017-07-12T21:18:28.000,2017-07-12T21:20:31.000,1,0.42,1,N,186,100,2,3.5,0.5,0.5,0,0,0.3,4.8
2,2017-07-12T21:34:10.000,2017-07-12T21:47:28.000,1,2.50,1,N,161,262,2,11.5,0.5,0.5,0,0,0.3,12.8
1,2017-07-12T21:26:17.000,2017-07-12T21:33:12.000,1,1.20,1,N,234,158,1,6.5,0.5,0.5,1.5,0,0.3,9.3
1,2017-07-12T21:36:18.000,2017-07-12T21:44:19.000,1,1.40,1,N,158,231,1,7.5,0.5,0.5,1.32,0,0.3,10.12
1,2017-07-12T21:47:20.000,2017-07-12T21:59:04.000,1,1.90,1,N,125,79,1,10,0.5,0.5,1.75,0,0.3,13.05
1,2017-07-12T21:16:31.000,2017-07-12T21:26:16.000,1,2.30,1,N,158,13,1,10.5,0.5,0.5,2.35,0,0.3,14.15
1,2017-07-12T21:31:33.000,2017-07-12T21:52:54.000,1,5.00,1,N,13,163,1,18.5,0.5,0.5,3.95,0,0.3,23.75
2,2017-07-12T21:48:24.000,2017-07-12T22:20:53.000,1,20.06,1,N,132,33,1,53.5,0.5,0.5,10.96,0,0.3,65.76
2,2017-07-12T21:17:34.000,2017-07-12T21:22:54.000,1,0.84,1,N,90,249,1,5.5,0.5,0.5,1.36,0,0.3,8.16
2,2017-07-12T21:34:53.000,2017-07-12T21:51:25.000,1,1.95,1,N,249,87,1,11.5,0.5,0.5,2.56,0,0.3,15.36
2,2017-07-12T21:57:57.000,2017-07-12T22:04:39.000,1,1.30,1,N,148,107,1,7,0.5,0.5,1.66,0,0.3,9.96
1,2017-07-12T21:24:09.000,2017-07-12T21:38:42.000,1,2.50,1,N,161,249,1,11.5,0.5,0.5,2,0,0.3,14.8
1,2017-07-12T21:45:40.000,2017-07-12T21:58:54.000,1,1.60,1,N,90,246,1,10,0.5,0.5,2,0,0.3,13.3
1,2017-07-12T21:02:43.000,2017-07-12T21:24:10.000,1,4.20,1,N,186,209,1,17,0.5,0.5,3.65,0,0.3,21.95
2,2017-07-12T21:05:50.000,2017-07-12T21:11:21.000,1,1.24,1,N,48,186,1,6,0.5,0.5,1.46,0,0.3,8.76
2,2017-07-12T21:14:08.000,2017-07-12T21:27:54.000,1,3.36,1,N,186,231,1,13,0.5,0.5,2.86,0,0.3,17.16
2,2017-07-12T21:33:25.000,2017-07-12T21:57:22.000,1,5.92,1,N,231,239,1,20.5,0.5,0.5,4.36,0,0.3,26.16
2,2017-07-12T21:59:06.000,2017-07-12T22:02:28.000,1,1.02,1,N,239,151,1,5,0.5,0.5,1.26,0,0.3,7.56
2,2017-07-12T21:23:14.000,2017-07-12T21:26:42.000,1,0.37,1,N,237,237,2,4,0.5,0.5,0,0,0.3,5.3
2,2017-07-12T21:39:44.000,2017-07-12T22:07:00.000,1,4.44,1,N,164,112,1,20.5,0.5,0.5,5.51,5.76,0.3,33.07
1,2017-07-12T21:11:53.000,2017-07-12T21:20:47.000,1,1.10,1,N,145,7,1,7.5,0.5,0.5,2.2,0,0.3,11
1,2017-07-12T21:22:57.000,2017-07-12T21:41:58.000,1,6.10,1,N,7,41,1,20,0.5,0.5,4.25,0,0.3,25.55
1,2017-07-12T21:46:09.000,2017-07-12T21:48:24.000,2,0.50,1,N,166,151,1,4,0.5,0.5,1,0,0.3,6.3
1,2017-07-12T21:54:31.000,2017-07-12T22:11:44.000,1,2.70,1,N,239,68,1,13,0.5,0.5,4.25,0,0.3,18.55
2,2017-07-12T21:08:55.000,2017-07-12T21:19:20.000,1,1.89,1,N,234,79,1,9,0.5,0.5,2.06,0,0.3,12.36
2,2017-07-12T21:21:32.000,2017-07-12T21:27:12.000,1,1.01,1,N,79,79,1,5.5,0.5,0.5,1.02,0,0.3,7.82
2,2017-07-12T21:30:32.000,2017-07-12T21:40:27.000,1,1.41,1,N,79,170,2,8.5,0.5,0.5,0,0,0.3,9.8
2,2017-07-12T21:45:07.000,2017-07-12T21:54:19.000,1,1.90,1,N,107,229,1,8.5,0.5,0.5,1.96,0,0.3,11.76
2,2017-07-12T21:44:54.000,2017-07-12T21:54:29.000,1,1.49,1,N,231,249,1,8.5,0.5,0.5,1,0,0.3,10.8
2,2017-07-12T21:55:40.000,2017-07-12T22:00:18.000,1,0.77,1,N,249,125,1,5,0.5,0.5,2,0,0.3,8.3
1,2017-07-12T21:53:23.000,2017-07-12T22:21:16.000,1,10.80,1,N,138,230,1,33,0.5,0.5,10,5.76,0.3,50.06
1,2017-07-12T21:17:07.000,2017-07-12T21:33:41.000,1,2.50,1,N,162,114,1,12.5,0.5,0.5,1,0,0.3,14.8
1,2017-07-12T21:35:30.000,2017-07-12T21:51:07.000,2,2.30,1,N,114,161,2,11.5,0.5,0.5,0,0,0.3,12.8
1,2017-07-12T21:59:05.000,2017-07-12T22:13:27.000,2,2.40,1,N,170,158,1,11.5,0.5,0.5,2.55,0,0.3,15.35
2,2017-07-12T21:03:37.000,2017-07-12T21:06:11.000,1,0.51,1,N,107,137,2,4,0.5,0.5,0,0,0.3,5.3
2,2017-07-12T21:07:24.000,2017-07-12T21:37:44.000,1,8.90,1,N,137,244,1,29,0.5,0.5,6.06,0,0.3,36.36
1,2017-07-12T21:18:13.000,2017-07-12T21:24:27.000,4,0.90,1,N,264,164,1,6,0.5,0.5,1.45,0,0.3,8.75
1,2017-07-12T21:26:23.000,2017-07-12T21:36:04.000,1,1.50,1,N,164,249,1,8,0.5,0.5,1.85,0,0.3,11.15
1,2017-07-12T21:37:51.000,2017-07-12T21:50:27.000,1,1.20,1,N,249,107,1,9.5,0.5,0.5,0.54,0,0.3,11.34
1,2017-07-12T21:52:50.000,2017-07-12T22:05:37.000,1,3.00,1,N,234,140,1,11.5,0.5,0.5,2.55,0,0.3,15.35
2,2017-07-12T21:16:24.000,2017-07-12T21:29:08.000,1,1.89,1,N,234,158,1,10,0.5,0.5,0,0,0.3,11.3
2,2017-07-12T21:48:04.000,2017-07-12T22:00:06.000,1,1.59,1,N,249,144,1,9.5,0.5,0.5,2.16,0,0.3,12.96
2,2017-07-12T21:01:51.000,2017-07-12T21:08:47.000,1,0.98,1,N,230,90,1,6.5,0.5,0.5,1.95,0,0.3,9.75
2,2017-07-12T21:17:32.000,2017-07-12T21:32:25.000,1,2.63,1,N,234,231,1,12,0.5,0.5,1.5,0,0.3,14.8
2,2017-07-12T21:34:10.000,2017-07-12T21:40:08.000,1,1.16,1,N,231,231,1,6.5,0.5,0.5,2.34,0,0.3,10.14
2,2017-07-12T21:42:29.000,2017-07-12T21:46:07.000,1,0.83,1,N,211,249,1,4.5,0.5,0.5,1.16,0,0.3,6.96
2,2017-07-12T21:33:15.000,2017-07-12T21:47:57.000,1,2.74,1,N,161,249,1,11.5,0.5,0.5,1.8,0,0.3,14.6
2,2017-07-12T21:51:19.000,2017-07-12T22:00:36.000,1,1.29,1,N,114,107,1,7.5,0.5,0.5,2.2,0,0.3,11
1,2017-07-12T21:40:00.000,2017-07-12T21:55:55.000,1,2.80,1,N,164,236,1,13,0.5,0.5,2.86,0,0.3,17.16
1,2017-07-12T21:57:48.000,2017-07-12T22:06:00.000,1,1.50,1,N,237,142,1,8,0.5,0.5,0.93,0,0.3,10.23
1,2017-07-12T21:15:04.000,2017-07-12T21:25:35.000,1,1.40,1,N,234,113,1,8.5,0.5,0.5,1.95,0,0.3,11.75
1,2017-07-12T21:32:50.000,2017-07-12T21:46:02.000,2,1.70,1,N,113,232,2,10,0.5,0.5,0,0,0.3,11.3
1,2017-07-12T21:52:50.000,2017-07-12T22:07:15.000,2,2.30,1,N,4,100,1,11.5,0.5,0.5,2,0,0.3,14.8
1,2017-07-12T21:06:19.000,2017-07-12T21:21:50.000,1,2.30,1,N,249,230,1,11.5,0.5,0.5,2.55,0,0.3,15.35
1,2017-07-12T21:29:22.000,2017-07-12T21:43:50.000,2,3.40,1,N,43,74,1,14,0.5,0.5,1.11,0,0.3,16.41
1,2017-07-12T21:44:51.000,2017-07-12T21:58:39.000,3,3.90,1,N,74,161,1,14.5,0.5,0.5,1,0,0.3,16.8
1,2017-07-12T21:00:08.000,2017-07-12T21:12:07.000,2,3.90,1,N,157,145,1,13.5,0.5,0.5,1.5,0,0.3,16.3
1,2017-07-12T21:48:22.000,2017-07-12T22:05:53.000,1,2.10,1,N,230,107,1,12.5,0.5,0.5,2.75,0,0.3,16.55
1,2017-07-12T21:52:12.000,2017-07-12T22:26:55.000,2,20.30,1,N,132,26,1,56,0.5,0.5,5.7,0,0.3,63
1,2017-07-12T21:06:49.000,2017-07-12T21:20:16.000,3,2.30,1,N,79,13,1,11.5,0.5,0.5,2.55,0,0.3,15.35
1,2017-07-12T21:27:31.000,2017-07-12T21:45:59.000,2,3.00,1,N,13,234,1,14,0.5,0.5,3.05,0,0.3,18.35
1,2017-07-12T21:50:30.000,2017-07-12T21:55:08.000,1,0.70,1,N,234,234,1,5,0.5,0.5,1.55,0,0.3,7.85
1,2017-07-12T21:58:42.000,2017-07-12T22:21:40.000,2,4.10,1,N,234,75,2,18,0.5,0.5,0,0,0.3,19.3
2,2017-07-12T21:21:05.000,2017-07-12T21:25:59.000,1,0.90,1,N,164,163,1,5.5,0.5,0.5,1.36,0,0.3,8.16
2,2017-07-12T21:27:29.000,2017-07-12T21:43:26.000,1,2.34,1,N,163,234,2,11.5,0.5,0.5,0,0,0.3,12.8
2,2017-07-12T21:45:09.000,2017-07-12T21:46:08.000,1,0.13,1,N,234,107,2,3,0.5,0.5,0,0,0.3,4.3
2,2017-07-12T21:50:19.000,2017-07-12T22:03:54.000,1,1.67,1,N,164,229,1,10,0.5,0.5,2.26,0,0.3,13.56
2,2017-07-12T21:23:36.000,2017-07-12T21:39:53.000,2,2.69,1,N,233,142,2,12.5,0.5,0.5,0,0,0.3,13.8
2,2017-07-12T21:47:11.000,2017-07-12T22:05:18.000,2,2.26,1,N,237,48,1,12,0.5,0.5,0,0,0.3,13.3
2,2017-07-12T21:02:05.000,2017-07-12T21:18:20.000,1,2.68,1,N,211,230,2,12.5,0.5,0.5,0,0,0.3,13.8
2,2017-07-12T21:31:25.000,2017-07-12T21:39:10.000,1,0.80,1,N,161,43,2,6.5,0.5,0.5,0,0,0.3,7.8
2,2017-07-12T21:41:03.000,2017-07-12T21:45:24.000,1,0.49,1,N,43,230,2,5,0.5,0.5,0,0,0.3,6.3
2,2017-07-12T21:52:12.000,2017-07-12T22:04:49.000,1,1.27,1,N,230,163,2,9.5,0.5,0.5,0,0,0.3,10.8
1,2017-07-12T21:16:26.000,2017-07-12T21:21:38.000,1,1.00,1,N,74,75,1,5.5,0.5,0.5,1,0,0.3,7.8
1,2017-07-12T21:38:58.000,2017-07-12T21:41:54.000,1,0.60,1,N,140,140,2,4.5,0.5,0.5,0,0,0.3,5.8
1,2017-07-12T21:48:59.000,2017-07-12T22:04:56.000,1,4.00,1,N,140,234,1,15.5,0.5,0.5,10,0,0.3,26.8
2,2017-07-12T21:27:27.000,2017-07-12T21:59:57.000,1,16.50,2,N,132,137,1,52,0,0.5,11.71,5.76,0.3,70.27
2,2017-07-12T21:07:12.000,2017-07-12T21:12:05.000,1,0.76,1,N,161,142,2,5,0.5,0.5,0,0,0.3,6.3
2,2017-07-12T21:13:36.000,2017-07-12T21:48:17.000,1,7.39,1,N,142,65,2,27.5,0.5,0.5,0,0,0.3,28.8
2,2017-07-12T21:47:17.000,2017-07-12T22:07:58.000,1,2.81,1,N,79,163,1,15,0.5,0.5,3.26,0,0.3,19.56
1,2017-07-12T21:07:42.000,2017-07-12T21:13:25.000,1,0.90,1,N,100,170,1,6,0.5,0.5,0,0,0.3,7.3
1,2017-07-12T21:23:33.000,2017-07-12T21:31:12.000,1,1.00,1,N,162,186,2,6.5,0.5,0.5,0,0,0.3,7.8
1,2017-07-12T21:32:51.000,2017-07-12T21:49:41.000,1,2.90,1,N,164,140,1,13.5,0.5,0.5,2,0,0.3,16.8
1,2017-07-12T21:53:11.000,2017-07-12T21:57:13.000,1,0.50,1,N,140,229,2,4.5,0.5,0.5,0,0,0.3,5.8
2,2017-07-12T21:39:27.000,2017-07-12T21:44:15.000,1,1.66,1,N,236,74,2,6.5,0.5,0.5,0,0,0.3,7.8
2,2017-07-12T21:01:00.000,2017-07-12T21:11:05.000,2,2.65,1,N,74,237,2,10.5,0.5,0.5,0,0,0.3,11.8
2,2017-07-12T21:27:19.000,2017-07-12T21:40:40.000,2,2.24,1,N,170,237,1,11,0.5,0.5,2.46,0,0.3,14.76
2,2017-07-12T21:45:36.000,2017-07-12T21:49:49.000,2,0.75,1,N,237,163,1,5,0.5,0.5,1.26,0,0.3,7.56
2,2017-07-12T21:53:28.000,2017-07-12T22:03:28.000,2,2.43,1,N,163,113,1,10,0.5,0.5,2.26,0,0.3,13.56
2,2017-07-12T21:09:00.000,2017-07-12T21:24:08.000,2,3.02,1,N,161,79,1,12.5,0.5,0.5,1.5,0,0.3,15.3
2,2017-07-12T21:30:41.000,2017-07-12T21:36:15.000,2,0.90,1,N,79,114,1,5.5,0.5,0.5,1.36,0,0.3,8.16
2,2017-07-12T21:41:14.000,2017-07-12T21:54:12.000,2,1.54,1,N,114,148,2,10,0.5,0.5,0,0,0.3,11.3
2,2017-07-12T21:57:31.000,2017-07-12T22:17:59.000,2,3.48,1,N,148,230,1,15.5,0.5,0.5,3.36,0,0.3,20.16
2,2017-07-12T21:12:51.000,2017-07-12T21:17:28.000,1,0.62,1,N,141,141,1,5,0.5,0.5,1.26,0,0.3,7.56
2,2017-07-12T21:19:13.000,2017-07-12T21:23:01.000,1,0.94,1,N,141,236,2,4.5,0.5,0.5,0,0,0.3,5.8
2,2017-07-12T21:33:33.000,2017-07-12T21:36:34.000,1,0.86,1,N,237,236,1,4.5,0.5,0.5,1.45,0,0.3,7.25
2,2017-07-12T21:53:00.000,2017-07-12T22:12:06.000,1,2.19,1,N,162,246,1,13,0.5,0.5,1.7,0,0.3,16
2,2017-07-12T21:50:39.000,2017-07-12T22:01:42.000,1,3.52,1,N,132,216,1,12.5,0.5,0.5,2.76,0,0.3,16.56
2,2017-07-12T21:44:58.000,2017-07-12T21:52:23.000,1,1.38,1,N,230,143,1,7,0.5,0.5,1.66,0,0.3,9.96
1,2017-07-12T21:27:34.000,2017-07-12T21:32:29.000,1,0.50,1,N,48,48,2,5,0.5,0.5,0,0,0.3,6.3
1,2017-07-12T21:35:52.000,2017-07-12T21:45:12.000,2,1.30,1,N,230,162,1,8,0.5,0.5,2.75,0,0.3,12.05
1,2017-07-12T21:46:36.000,2017-07-12T21:57:59.000,1,1.80,1,N,163,239,1,10,0.5,0.5,2,0,0.3,13.3
1,2017-07-12T21:59:02.000,2017-07-12T22:01:48.000,1,0.50,1,N,239,142,1,4,0.5,0.5,1.3,0,0.3,6.6
2,2017-07-12T21:17:24.000,2017-07-12T21:29:00.000,1,2.07,1,N,161,113,1,9.5,0.5,0.5,2,0,0.3,12.8
2,2017-07-12T21:55:06.000,2017-07-12T22:25:34.000,1,5.13,1,N,249,263,1,22.5,0.5,0.5,4.76,0,0.3,28.56
1,2017-07-12T21:10:04.000,2017-07-12T21:16:18.000,1,0.70,1,N,151,24,2,6,0.5,0.5,0,0,0.3,7.3
1,2017-07-12T21:49:01.000,2017-07-12T22:06:39.000,1,3.50,1,N,42,239,2,14.5,0.5,0.5,0,0,0.3,15.8
2,2017-07-12T21:02:07.000,2017-07-12T21:19:21.000,1,4.79,1,N,48,261,1,17,0.5,0.5,3.66,0,0.3,21.96
2,2017-07-12T21:21:37.000,2017-07-12T21:56:39.000,1,6.33,1,N,261,141,1,26,0.5,0.5,3.7,0,0.3,31
2,2017-07-12T21:58:29.000,2017-07-12T22:00:53.000,2,0.79,1,N,141,262,1,4.5,0.5,0.5,1.16,0,0.3,6.96
1,2017-07-12T21:19:11.000,2017-07-12T21:28:45.000,1,5.10,1,N,265,265,2,16,0.5,0.5,0,0,0.3,17.3
1,2017-07-12T21:59:44.000,2017-07-12T22:31:15.000,1,19.50,2,N,132,140,1,52,0,0.5,12.25,8.5,0.3,73.55
2,2017-07-12T21:04:24.000,2017-07-12T21:32:09.000,1,7.19,1,N,79,151,1,25.5,0.5,0.5,2,0,0.3,28.8
2,2017-07-12T21:42:43.000,2017-07-12T21:48:45.000,1,0.79,1,N,48,48,1,6,0.5,0.5,1,0,0.3,8.3
2,2017-07-12T21:55:27.000,2017-07-12T21:59:29.000,1,0.48,1,N,230,161,1,4.5,0.5,0.5,1.16,0,0.3,6.96
1,2017-07-12T21:16:35.000,2017-07-12T21:26:26.000,1,1.50,1,N,79,170,1,8.5,0.5,0.5,1.95,0,0.3,11.75
1,2017-07-12T21:30:21.000,2017-07-12T21:34:25.000,1,0.50,1,N,161,164,1,4.5,0.5,0.5,1.15,0,0.3,6.95
1,2017-07-12T21:37:02.000,2017-07-12T21:47:55.000,1,1.40,1,N,234,249,1,8.5,0.5,0.5,1,0,0.3,10.8
1,2017-07-12T21:51:11.000,2017-07-12T22:19:12.000,1,4.50,1,N,158,255,1,21,0.5,0.5,2.8,0,0.3,25.1
1,2017-07-12T21:19:52.000,2017-07-12T21:23:20.000,1,0.40,1,N,107,113,2,4,0.5,0.5,0,0,0.3,5.3
1,2017-07-12T21:24:57.000,2017-07-12T21:33:15.000,1,0.70,1,N,113,79,1,7,0.5,0.5,0.83,0,0.3,9.13
1,2017-07-12T21:37:42.000,2017-07-12T21:42:40.000,1,0.80,1,N,79,79,2,5.5,0.5,0.5,0,0,0.3,6.8
1,2017-07-12T21:56:05.000,2017-07-12T22:03:04.000,1,0.80,1,N,234,186,1,6,0.5,0.5,1,0,0.3,8.3
2,2017-07-12T21:01:08.000,2017-07-12T21:17:06.000,1,3.09,1,N,233,142,1,13.5,0.5,0.5,1,0,0.3,15.8
2,2017-07-12T21:22:56.000,2017-07-12T21:42:31.000,1,4.34,1,N,163,158,1,17.5,0.5,0.5,3.76,0,0.3,22.56
2,2017-07-12T21:43:46.000,2017-07-12T21:49:50.000,1,0.89,1,N,158,68,2,6,0.5,0.5,0,0,0.3,7.3
2,2017-07-12T21:50:58.000,2017-07-12T22:01:39.000,1,2.62,1,N,68,163,1,10,0.5,0.5,2.26,0,0.3,13.56
1,2017-07-12T21:01:38.000,2017-07-12T21:20:22.000,1,3.50,1,N,114,97,1,15,0.5,0.5,3.25,0,0.3,19.55
1,2017-07-12T21:35:09.000,2017-07-12T21:48:23.000,1,2.10,1,N,231,33,1,9.5,0.5,0.5,2.15,0,0.3,12.95
1,2017-07-12T21:58:53.000,2017-07-12T22:14:48.000,1,3.20,1,N,231,68,1,13.5,0.5,0.5,2.95,0,0.3,17.75
2,2017-07-12T21:52:54.000,2017-07-12T22:10:10.000,1,8.22,1,N,48,243,1,24.5,0.5,0.5,3.2,0,0.3,29
1,2017-07-12T21:16:39.000,2017-07-12T21:30:50.000,1,3.90,1,N,264,264,1,14.5,0.5,0.5,0,0,0.3,15.8
1,2017-07-12T21:40:43.000,2017-07-12T21:54:10.000,1,3.00,1,N,264,264,1,12,0.5,0.5,0.1,0,0.3,13.4
2,2017-07-12T21:26:40.000,2017-07-12T21:33:38.000,2,1.85,1,N,43,239,1,8,0.5,0.5,2.32,0,0.3,11.62
2,2017-07-12T21:00:22.000,2017-07-12T21:46:20.000,1,21.22,2,N,132,231,1,52,0,0.5,15.84,0,0.3,68.64
2,2017-07-12T21:54:11.000,2017-07-12T22:06:29.000,1,2.34,1,N,13,113,1,10.5,0.5,0.5,3.54,0,0.3,15.34
1,2017-07-12T21:26:56.000,2017-07-12T21:32:18.000,2,0.40,1,N,229,233,1,5.5,0.5,0.5,1,0,0.3,7.8
1,2017-07-12T21:36:27.000,2017-07-12T21:48:30.000,4,2.20,1,N,233,140,1,10,0.5,0.5,2.25,0,0.3,13.55
1,2017-07-12T21:51:29.000,2017-07-12T21:53:36.000,2,0.50,1,N,140,262,2,4,0.5,0.5,0,0,0.3,5.3
2,2017-07-12T21:30:39.000,2017-07-12T21:46:44.000,1,3.73,1,N,142,249,1,14,0.5,0.5,1.5,0,0.3,16.8
2,2017-07-12T21:48:31.000,2017-07-12T21:53:13.000,1,0.94,1,N,249,234,1,5.5,0.5,0.5,1.36,0,0.3,8.16
2,2017-07-12T21:55:45.000,2017-07-12T22:18:13.000,1,3.38,1,N,90,231,1,13,0.5,0.5,4.29,0,0.3,18.59
1,2017-07-12T21:01:52.000,2017-07-12T21:37:29.000,2,9.00,1,N,209,236,1,32,0.5,0.5,6.65,0,0.3,39.95
1,2017-07-12T21:43:32.000,2017-07-12T21:56:38.000,2,1.80,1,N,43,100,2,10,0.5,0.5,0,0,0.3,11.3
1,2017-07-12T21:58:07.000,2017-07-12T22:01:37.000,1,0.10,1,N,100,230,2,4,0.5,0.5,0,0,0.3,5.3
2,2017-07-12T21:02:04.000,2017-07-12T21:09:09.000,1,1.16,1,N,263,75,1,7,0.5,0.5,1.66,0,0.3,9.96
2,2017-07-12T21:06:20.000,2017-07-12T21:19:22.000,2,1.77,1,N,162,68,1,10,0.5,0.5,2.26,0,0.3,13.56
2,2017-07-12T21:20:52.000,2017-07-12T21:32:14.000,2,1.45,1,N,68,50,2,9,0.5,0.5,0,0,0.3,10.3
2,2017-07-12T21:34:17.000,2017-07-12T21:40:20.000,2,0.75,1,N,50,230,1,5.5,0.5,0.5,1.7,0,0.3,8.5
2,2017-07-12T21:45:49.000,2017-07-12T21:59:03.000,2,2.45,1,N,230,236,1,11.5,0.5,0.5,2.56,0,0.3,15.36
2,2017-07-12T21:49:51.000,2017-07-12T21:57:18.000,1,1.72,1,N,163,238,1,8,0.5,0.5,1.86,0,0.3,11.16
2,2017-07-12T21:11:15.000,2017-07-12T21:25:52.000,1,2.20,1,N,230,236,1,11.5,0.5,0.5,2.56,0,0.3,15.36
2,2017-07-12T21:38:03.000,2017-07-12T21:58:30.000,1,3.30,1,N,161,231,1,15,0.5,0.5,4.08,0,0.3,20.38
1,2017-07-12T21:48:10.000,2017-07-12T22:02:34.000,1,7.10,1,N,262,87,1,21.5,0.5,0.5,4.55,0,0.3,27.35
1,2017-07-12T21:10:44.000,2017-07-12T21:18:44.000,1,1.20,1,N,164,233,1,7,0.5,0.5,0.7,0,0.3,9
2,2017-07-12T21:03:36.000,2017-07-12T21:18:59.000,1,2.28,1,N,162,234,1,11.5,0.5,0.5,2.56,0,0.3,15.36
2,2017-07-12T21:25:06.000,2017-07-12T21:35:34.000,1,1.37,1,N,234,161,2,8.5,0.5,0.5,0,0,0.3,9.8
2,2017-07-12T21:43:07.000,2017-07-12T21:54:15.000,1,1.01,1,N,170,230,1,8.5,0.5,0.5,1.96,0,0.3,11.76
2,2017-07-12T21:55:27.000,2017-07-12T22:09:02.000,1,1.50,1,N,230,170,2,10,0.5,0.5,0,0,0.3,11.3
1,2017-07-12T21:37:52.000,2017-07-12T22:14:40.000,1,15.60,1,N,68,208,2,45.5,0.5,0.5,0,0,0.3,46.8
1,2017-07-12T21:04:47.000,2017-07-12T21:29:38.000,2,2.00,1,N,79,186,1,16,0.5,0.5,4.3,0,0.3,21.6
1,2017-07-12T21:41:12.000,2017-07-12T22:01:26.000,1,4.10,1,N,107,43,2,17,0.5,0.5,0,0,0.3,18.3
2,2017-07-12T21:03:48.000,2017-07-12T21:12:52.000,1,1.15,1,N,79,224,1,7.5,0.5,0.5,1.76,0,0.3,10.56
2,2017-07-12T21:35:33.000,2017-07-12T21:49:45.000,1,1.37,1,N,170,113,1,10,0.5,0.5,1,0,0.3,12.3
1,2017-07-12T21:15:42.000,2017-07-12T21:33:00.000,1,2.80,1,N,68,114,1,13,0.5,0.5,2,0,0.3,16.3
1,2017-07-12T21:38:09.000,2017-07-12T21:57:49.000,1,2.80,1,N,113,13,1,14,0.5,0.5,3.8,0,0.3,19.1
2,2017-07-12T21:07:28.000,2017-07-12T21:17:54.000,1,1.64,1,N,162,234,2,9,0.5,0.5,0,0,0.3,10.3
2,2017-07-12T21:20:47.000,2017-07-12T21:43:11.000,1,2.48,1,N,234,144,2,15,0.5,0.5,0,0,0.3,16.3
2,2017-07-12T21:45:49.000,2017-07-12T21:53:33.000,1,1.04,1,N,144,231,1,6.5,0.5,0.5,1.95,0,0.3,9.75
2,2017-07-12T21:55:40.000,2017-07-12T22:03:56.000,1,1.62,1,N,231,158,1,8,0.5,0.5,1.4,0,0.3,10.7
2,2017-07-12T21:23:07.000,2017-07-12T21:28:52.000,1,0.91,1,N,164,234,1,5.5,0.5,0.5,1.36,0,0.3,8.16
2,2017-07-12T21:30:50.000,2017-07-12T21:40:19.000,1,1.52,1,N,234,231,2,8,0.5,0.5,0,0,0.3,9.3
2,2017-07-12T21:44:02.000,2017-07-12T21:51:49.000,1,1.02,1,N,231,13,2,6.5,0.5,0.5,0,0,0.3,7.8
2,2017-07-12T21:53:16.000,2017-07-12T22:06:40.000,1,4.21,1,N,13,4,1,15,0.5,0.5,1.25,0,0.3,17.55
2,2017-07-12T21:17:43.000,2017-07-12T21:41:20.000,1,8.93,1,N,138,137,1,28,0.5,0.5,7.01,5.76,0.3,42.07
1,2017-07-12T21:09:13.000,2017-07-12T21:27:26.000,1,8.50,1,N,138,236,1,25,0.5,0.5,6.4,5.76,0.3,38.46
1,2017-07-12T21:30:23.000,2017-07-12T21:41:19.000,1,2.00,1,N,236,229,1,9.5,0.5,0.5,1,0,0.3,11.8
1,2017-07-12T21:07:31.000,2017-07-12T21:15:30.000,1,1.20,1,N,238,236,1,7.5,0.5,0.5,1.75,0,0.3,10.55
1,2017-07-12T21:22:52.000,2017-07-12T21:37:21.000,1,1.20,1,N,237,229,1,10.5,0.5,0.5,3.5,0,0.3,15.3
1,2017-07-12T21:41:59.000,2017-07-12T21:50:55.000,2,0.90,1,N,229,163,1,7,0.5,0.5,1.66,0,0.3,9.96
1,2017-07-12T21:58:18.000,2017-07-12T22:10:23.000,1,1.90,1,N,162,236,1,10,0.5,0.5,2.8,0,0.3,14.1
1,2017-07-12T21:05:31.000,2017-07-12T21:27:25.000,2,6.10,1,N,107,25,1,20.5,0.5,0.5,4.35,0,0.3,26.15
1,2017-07-12T21:42:56.000,2017-07-12T21:57:38.000,1,3.00,1,N,114,100,1,13,0.5,0.5,2.85,0,0.3,17.15
1,2017-07-12T21:20:31.000,2017-07-12T21:24:37.000,1,1.20,1,N,141,263,1,5.5,0.5,0.5,1.7,0,0.3,8.5
1,2017-07-12T21:36:12.000,2017-07-12T21:41:51.000,1,0.90,1,N,161,237,1,6,0.5,0.5,1.45,0,0.3,8.75
2,2017-07-12T21:50:49.000,2017-07-12T22:08:17.000,2,5.51,1,N,162,87,1,19,0.5,0.5,4.06,0,0.3,24.36
2,2017-07-12T21:10:16.000,2017-07-12T21:26:20.000,1,2.25,1,N,229,234,1,12.5,0.5,0.5,2.76,0,0.3,16.56
2,2017-07-12T21:29:15.000,2017-07-12T21:36:34.000,1,1.28,1,N,90,158,2,7,0.5,0.5,0,0,0.3,8.3
2,2017-07-12T21:39:52.000,2017-07-12T21:58:00.000,1,5.15,1,N,158,24,1,19,0.5,0.5,3.5,0,0.3,23.8
2,2017-07-12T21:59:40.000,2017-07-12T22:24:54.000,1,6.86,1,N,24,79,1,24.5,0.5,0.5,0,0,0.3,25.8
1,2017-07-12T21:02:22.000,2017-07-12T21:11:44.000,1,1.20,1,N,163,170,2,8,0.5,0.5,0,0,0.3,9.3
1,2017-07-12T21:15:55.000,2017-07-12T21:21:20.000,1,0.70,1,N,170,234,1,5.5,0.5,0.5,1,0,0.3,7.8
1,2017-07-12T21:41:55.000,2017-07-12T21:59:25.000,1,3.30,1,N,234,87,1,13.5,0.5,0.5,2,0,0.3,16.8
2,2017-07-12T21:06:23.000,2017-07-12T21:14:03.000,5,2.17,1,N,43,75,1,8.5,0.5,0.5,0.98,0,0.3,10.78
2,2017-07-12T21:28:48.000,2017-07-12T21:42:05.000,5,3.91,1,N,262,226,1,14,0.5,0.5,3.06,0,0.3,18.36
1,2017-07-12T21:05:51.000,2017-07-12T21:28:08.000,1,12.30,1,N,264,264,4,34.5,0.5,0.5,0,0,0.3,35.8
2,2017-07-12T21:29:42.000,2017-07-12T21:42:09.000,5,2.11,1,N,162,113,1,10.5,0.5,0.5,2,0,0.3,13.8
2,2017-07-12T21:47:28.000,2017-07-12T22:13:24.000,5,4.08,1,N,90,262,1,18.5,0.5,0.5,3.96,0,0.3,23.76
1,2017-07-12T21:44:04.000,2017-07-12T22:06:13.000,1,8.80,1,N,138,100,1,26.5,0.5,0.5,6.7,5.76,0.3,40.26
2,2017-07-12T21:51:35.000,2017-07-12T22:02:29.000,1,1.64,1,N,164,237,2,9,0.5,0.5,0,0,0.3,10.3
2,2017-07-12T21:09:42.000,2017-07-12T21:21:53.000,1,2.96,1,N,25,87,1,12,0.5,0.5,2.66,0,0.3,15.96
2,2017-07-12T21:37:37.000,2017-07-12T22:06:51.000,1,10.88,1,N,261,244,1,33,0.5,0.5,1,0,0.3,35.3
2,2017-07-12T21:12:52.000,2017-07-12T21:23:12.000,5,1.66,1,N,68,79,1,8.5,0.5,0.5,1.96,0,0.3,11.76
2,2017-07-12T21:30:59.000,2017-07-12T21:49:16.000,5,2.40,1,N,249,170,1,13,0.5,0.5,2.86,0,0.3,17.16
2,2017-07-12T21:52:19.000,2017-07-12T22:06:13.000,5,2.02,1,N,170,163,2,10.5,0.5,0.5,0,0,0.3,11.8
2,2017-07-12T21:24:47.000,2017-07-12T21:35:30.000,1,2.14,1,N,142,238,1,9.5,0.5,0.5,2.16,0,0.3,12.96
2,2017-07-12T21:40:55.000,2017-07-12T22:14:13.000,1,4.97,1,N,239,144,2,22.5,0.5,0.5,0,0,0.3,23.8
2,2017-07-12T21:11:02.000,2017-07-12T21:30:06.000,1,2.50,1,N,170,50,1,13,0.5,0.5,2.86,0,0.3,17.16
2,2017-07-12T21:40:16.000,2017-07-12T21:47:17.000,1,0.97,1,N,230,164,1,6.5,0.5,0.5,1.56,0,0.3,9.36
2,2017-07-12T21:50:06.000,2017-07-12T22:01:50.000,1,1.04,1,N,234,170,2,8.5,0.5,0.5,0,0,0.3,9.8
2,2017-07-12T21:37:35.000,2017-07-12T21:55:37.000,2,3.81,1,N,48,231,1,15.5,0.5,0.5,1.8,0,0.3,18.6
2,2017-07-12T21:03:56.000,2017-07-12T21:29:48.000,1,12.84,1,N,138,87,1,35.5,0.5,0.5,7.36,0,0.3,44.16
2,2017-07-12T21:33:40.000,2017-07-12T21:57:06.000,1,5.27,1,N,87,186,1,21,0.5,0.5,4.46,0,0.3,26.76
2,2017-07-12T21:59:33.000,2017-07-12T22:10:05.000,1,2.26,1,N,186,143,1,9.5,0.5,0.5,2,0,0.3,12.8
1,2017-07-12T21:03:31.000,2017-07-12T22:00:49.000,1,23.00,2,N,132,48,2,52,0,0.5,0,5.76,0.3,58.56
2,2017-07-12T21:30:21.000,2017-07-12T21:47:34.000,5,5.55,1,N,141,114,1,18.5,0.5,0.5,3.96,0,0.3,23.76
2,2017-07-12T21:50:32.000,2017-07-12T22:02:32.000,5,1.61,1,N,114,107,1,9.5,0.5,0.5,2.16,0,0.3,12.96
2,2017-07-12T21:13:05.000,2017-07-12T21:58:11.000,3,20.44,2,N,132,79,1,52,0,0.5,10.56,0,0.3,63.36
2,2017-07-12T21:48:01.000,2017-07-12T22:08:58.000,1,13.68,1,N,132,131,1,37,0.5,0.5,13,0,0.3,51.3
2,2017-07-12T21:01:06.000,2017-07-12T21:06:29.000,1,0.82,1,N,161,230,2,5.5,0.5,0.5,0,0,0.3,6.8
2,2017-07-12T21:08:40.000,2017-07-12T21:20:14.000,1,2.96,1,N,100,148,1,11,0.5,0.5,2.46,0,0.3,14.76
2,2017-07-12T21:37:11.000,2017-07-12T21:42:29.000,1,0.98,1,N,114,249,1,5.5,0.5,0.5,1,0,0.3,7.8
2,2017-07-12T21:44:07.000,2017-07-12T21:49:01.000,1,1.52,1,N,249,231,2,6.5,0.5,0.5,0,0,0.3,7.8
2,2017-07-12T21:57:22.000,2017-07-12T22:10:22.000,1,5.60,1,N,88,162,1,17.5,0.5,0.5,3.76,0,0.3,22.56
2,2017-07-12T21:55:23.000,2017-07-12T22:08:36.000,2,6.33,1,N,138,145,1,19.5,0.5,0.5,3,0,0.3,23.8
2,2017-07-12T21:04:47.000,2017-07-12T21:10:33.000,1,0.88,1,N,236,262,2,6,0.5,0.5,0,0,0.3,7.3
2,2017-07-12T21:18:01.000,2017-07-12T21:21:44.000,1,0.60,1,N,236,262,1,4.5,0.5,0.5,1.16,0,0.3,6.96
2,2017-07-12T21:31:36.000,2017-07-12T21:34:29.000,1,0.56,1,N,236,237,2,4,0.5,0.5,0,0,0.3,5.3
2,2017-07-12T21:49:49.000,2017-07-12T21:59:40.000,1,1.85,1,N,170,249,1,8.5,0.5,0.5,2.45,0,0.3,12.25
2,2017-07-12T21:07:32.000,2017-07-12T21:20:00.000,5,6.10,1,N,13,233,1,18.5,0.5,0.5,2.2,0,0.3,22
2,2017-07-12T21:28:11.000,2017-07-12T21:57:49.000,5,6.01,5,N,162,265,1,50,0,0,12.16,10.5,0.3,72.96
1,2017-07-12T21:00:04.000,2017-07-12T21:24:00.000,1,3.00,1,N,163,79,1,16,1,0.5,3.55,0,0.3,21.35
1,2017-07-12T21:42:30.000,2017-07-12T22:02:58.000,2,5.30,1,N,249,238,1,19.5,0.5,0.5,2,0,0.3,22.8
2,2017-07-12T21:37:58.000,2017-07-12T21:58:08.000,1,11.81,1,N,138,224,2,33,0.5,0.5,0,5.76,0.3,40.06
1,2017-07-12T21:12:44.000,2017-07-12T21:22:44.000,1,0.50,1,N,231,144,2,7.5,0.5,0.5,0,0,0.3,8.8
1,2017-07-12T21:29:20.000,2017-07-12T21:40:33.000,1,1.40,1,N,144,113,1,9,0.5,0.5,1,0,0.3,11.3
1,2017-07-12T21:43:27.000,2017-07-12T22:12:48.000,1,5.00,1,N,113,236,2,21,0.5,0.5,0,0,0.3,22.3
1,2017-07-12T21:03:03.000,2017-07-12T21:10:21.000,1,0.90,1,N,161,229,1,6.5,0.5,0.5,1.55,0,0.3,9.35
1,2017-07-12T21:25:37.000,2017-07-12T21:59:13.000,1,8.20,1,N,161,95,1,29.5,0.5,0.5,6.15,0,0.3,36.95
1,2017-07-12T21:08:01.000,2017-07-12T21:11:55.000,1,1.40,1,N,239,24,2,6,0.5,0.5,0,0,0.3,7.3
